序号,时间,黏度,水活性,NAS等级,温度
0,2023-3-22 14:34,45.75,0.353,6,49.5
1,2023-3-22 14:49,45.48,0.282,7,49.41
2,2023-3-22 15:04,45.83,0.387,6,50.03
3,2023-3-22 15:19,45.12,0.242,8,43.26
4,2023-3-22 15:34,45.8,0.28,6,44.9
5,2023-3-22 15:49,46.2,0.275,6,50.68
6,2023-3-22 16:04,45.17,0.32,7,44.96
7,2023-3-22 16:19,46.1,0.255,7,45.79
8,2023-3-22 16:34,45.99,0.25,8,46.46
9,2023-3-22 16:49,46.06,0.291,7,43.9
10,2023-3-22 17:04,45.76,0.354,8,45.06
11,2023-3-22 17:19,45.62,0.237,7,41.4
12,2023-3-22 17:34,46.1,0.267,8,47.48
13,2023-3-22 17:49,45.66,0.245,8,41.12
14,2023-3-22 18:04,45.32,0.353,6,41.72
15,2023-3-22 18:19,45.55,0.386,7,41.63
16,2023-3-22 18:34,45.53,0.25,7,44.78
17,2023-3-22 18:49,45.57,0.26,7,49.12
18,2023-3-22 19:04,45.78,0.265,7,48.54
19,2023-3-22 19:19,45.88,0.226,7,42.74
20,2023-3-22 19:34,46.08,0.311,8,46.3
21,2023-3-22 19:49,45.7,0.316,6,50.03
22,2023-3-22 20:04,45.32,0.231,6,47.12
23,2023-3-22 20:19,45.37,0.369,8,45.59
24,2023-3-22 20:34,45.44,0.35,6,48.41
25,2023-3-22 20:49,46.17,0.323,6,43.23
26,2023-3-22 21:04,45.87,0.237,7,47.39
27,2023-3-22 21:19,46.17,0.284,6,43.93
28,2023-3-22 21:34,45.71,0.222,7,41.5
29,2023-3-22 21:49,45.32,0.266,6,49.16
30,2023-3-22 22:04,45.91,0.302,8,42.63
31,2023-3-22 22:19,45.42,0.361,8,49.35
32,2023-3-22 22:34,45.68,0.333,7,42.48
33,2023-3-22 22:49,46.09,0.374,7,44.57
34,2023-3-22 23:04,45.39,0.372,7,46.91
35,2023-3-22 23:19,46.12,0.349,7,48.36
36,2023-3-22 23:34,45.36,0.372,7,45.21
37,2023-3-22 23:49,45.59,0.269,7,46.28
38,2023-3-23 0:04,46.12,0.299,6,45.75
39,2023-3-23 0:19,45.24,0.285,6,46.69
40,2023-3-23 0:34,45.63,0.233,7,46.18
41,2023-3-23 0:49,45.26,0.326,7,45.61
42,2023-3-23 1:04,46.13,0.379,8,44.44
43,2023-3-23 1:19,46.03,0.268,6,44.05
44,2023-3-23 1:34,45.63,0.213,7,47.08
45,2023-3-23 1:49,45.2,0.367,7,46.04
46,2023-3-23 2:04,45.73,0.294,8,42.55
47,2023-3-23 2:19,45.68,0.276,7,44.04
48,2023-3-23 2:34,45.77,0.261,7,48.58
49,2023-3-23 2:49,46.18,0.227,8,41.58
50,2023-3-23 3:04,45.44,0.221,6,44.5
51,2023-3-23 3:19,45.38,0.273,7,49.66
52,2023-3-23 3:34,45.35,0.371,6,42.53
53,2023-3-23 3:49,45.71,0.386,6,45.31
54,2023-3-23 4:04,45.13,0.352,8,49.04
55,2023-3-23 4:19,46.14,0.214,6,46.66
56,2023-3-23 4:34,45.94,0.4,7,45.75
57,2023-3-23 4:49,45.44,0.218,8,41.85
58,2023-3-23 5:04,45.91,0.248,6,45.41
59,2023-3-23 5:19,45.17,0.319,6,49.71
60,2023-3-23 5:34,45.81,0.229,7,41.21
61,2023-3-23 5:49,45.98,0.35,7,43.7
62,2023-3-23 6:04,45.49,0.4,8,43.03
63,2023-3-23 6:19,45.76,0.327,7,44.52
64,2023-3-23 6:34,45.7,0.344,7,47.27
65,2023-3-23 6:49,45.53,0.333,7,45.92
66,2023-3-23 7:04,45.38,0.272,7,48.27
67,2023-3-23 7:19,45.5,0.283,7,48.11
68,2023-3-23 7:34,45.45,0.374,7,44.93
69,2023-3-23 7:49,45.61,0.341,7,50.66
70,2023-3-23 8:04,45.46,0.326,8,43.72
71,2023-3-23 8:19,45.1,0.26,7,43.24
72,2023-3-23 8:34,45.47,0.356,6,47.8
73,2023-3-23 8:49,46.04,0.301,6,46.67
74,2023-3-23 9:04,46.15,0.34,7,47.55
75,2023-3-23 9:19,45.47,0.328,7,45.44
76,2023-3-23 9:34,45.29,0.224,7,46.61
77,2023-3-23 9:49,46.05,0.309,6,41.02
78,2023-3-23 10:04,45.47,0.295,6,46.38
79,2023-3-23 10:19,45.99,0.336,6,43.47
80,2023-3-23 10:34,45.59,0.366,6,47.95
81,2023-3-23 10:49,45.81,0.324,7,42.5
82,2023-3-23 11:04,45.18,0.218,7,48.77
83,2023-3-23 11:19,45.69,0.24,7,49.94
84,2023-3-23 11:34,45.63,0.344,7,48.51
85,2023-3-23 11:49,46.09,0.227,7,47.3
86,2023-3-23 12:04,45.91,0.352,6,49.99
87,2023-3-23 12:19,45.49,0.235,6,48.8
88,2023-3-23 12:34,45.84,0.22,8,50.09
89,2023-3-23 12:49,45.44,0.325,7,46.48
90,2023-3-23 13:04,45.89,0.276,6,43.21
91,2023-3-23 13:19,45.55,0.243,8,43.61
92,2023-3-23 13:34,45.62,0.315,7,46.13
93,2023-3-23 13:49,45.81,0.395,6,45.03
94,2023-3-23 14:04,45.34,0.246,7,50
95,2023-3-23 14:19,45.66,0.272,7,47.74
96,2023-3-23 14:34,45.45,0.281,7,42.92
97,2023-3-23 14:49,45.96,0.353,7,42.34
98,2023-3-23 15:04,45.13,0.223,8,46.4
99,2023-3-23 15:19,45.93,0.357,7,46
100,2023-3-23 15:34,45.61,0.357,8,48.35
101,2023-3-23 15:49,45.53,0.382,8,43.25
102,2023-3-23 16:04,45.89,0.333,7,47.92
103,2023-3-23 16:19,45.44,0.306,6,43.34
104,2023-3-23 16:34,45.26,0.36,7,46.36
105,2023-3-23 16:49,45.88,0.28,6,47.74
106,2023-3-23 17:04,45.13,0.316,6,42.4
107,2023-3-23 17:19,45.89,0.285,6,41.92
108,2023-3-23 17:34,46.08,0.271,7,46.86
109,2023-3-23 17:49,45.99,0.344,6,42.17
110,2023-3-23 18:04,45.62,0.318,8,41.63
111,2023-3-23 18:19,45.13,0.346,6,41.58
112,2023-3-23 18:34,45.81,0.326,8,43.24
113,2023-3-23 18:49,45.62,0.399,6,47.72
114,2023-3-23 19:04,45.49,0.349,7,44.73
115,2023-3-23 19:19,45.98,0.277,8,47.47
116,2023-3-23 19:34,45.27,0.35,7,41.31
117,2023-3-23 19:49,46.17,0.317,7,43.9
118,2023-3-23 20:04,46.04,0.334,6,48.81
119,2023-3-23 20:19,45.47,0.287,8,45.7
120,2023-3-23 20:34,46.12,0.241,7,48.24
121,2023-3-23 20:49,45.34,0.356,8,43.62
122,2023-3-23 21:04,45.26,0.388,8,48.85
123,2023-3-23 21:19,45.14,0.39,8,45.95
124,2023-3-23 21:34,45.79,0.318,8,42.97
125,2023-3-23 21:49,45.18,0.23,7,43.47
126,2023-3-23 22:04,45.8,0.372,7,50.15
127,2023-3-23 22:19,45.24,0.348,8,50.51
128,2023-3-23 22:34,45.19,0.336,7,50.99
129,2023-3-23 22:49,45.15,0.367,8,44.67
130,2023-3-23 23:04,45.21,0.394,7,48.21
131,2023-3-23 23:19,45.5,0.225,7,43.12
132,2023-3-23 23:34,45.98,0.242,7,50.8
133,2023-3-23 23:49,46.01,0.287,7,43.75
134,2023-3-24 0:04,45.1,0.231,7,45.05
135,2023-3-24 0:19,45.73,0.241,7,47.41
136,2023-3-24 0:34,46.18,0.393,6,45.56
137,2023-3-24 0:49,46.04,0.266,8,50.69
138,2023-3-24 1:04,45.66,0.33,8,46.23
139,2023-3-24 1:19,45.27,0.34,8,49.63
140,2023-3-24 1:34,46.2,0.22,8,43.59
141,2023-3-24 1:49,45.42,0.385,7,49.48
142,2023-3-24 2:04,45.14,0.319,8,50.11
143,2023-3-24 2:19,46,0.32,8,46.26
144,2023-3-24 2:34,45.17,0.356,7,48.61
145,2023-3-24 2:49,45.34,0.246,8,47.35
146,2023-3-24 3:04,45.55,0.372,7,50.17
147,2023-3-24 3:19,45.54,0.251,8,44.48
148,2023-3-24 3:34,45.47,0.276,7,42.98
149,2023-3-24 3:49,46,0.29,8,44.13
150,2023-3-24 4:04,46.13,0.336,7,49.99
151,2023-3-24 4:19,45.69,0.24,6,46.58
152,2023-3-24 4:34,45.53,0.299,8,47.02
153,2023-3-24 4:49,45.92,0.234,7,42.95
154,2023-3-24 5:04,46.14,0.329,7,48.21
155,2023-3-24 5:19,45.85,0.341,7,47.21
156,2023-3-24 5:34,45.38,0.365,6,43.04
157,2023-3-24 5:49,46.09,0.275,6,50.12
158,2023-3-24 6:04,46.13,0.299,7,46.97
159,2023-3-24 6:19,46.03,0.355,7,41.03
160,2023-3-24 6:34,45.89,0.38,7,44.12
161,2023-3-24 6:49,46.17,0.248,7,44.66
162,2023-3-24 7:04,46.16,0.369,6,45.17
163,2023-3-24 7:19,45.32,0.235,6,48
164,2023-3-24 7:34,45.35,0.263,8,42.37
165,2023-3-24 7:49,45.78,0.268,7,42.18
166,2023-3-24 8:04,45.9,0.331,7,48.84
167,2023-3-24 8:19,45.61,0.29,8,42.45
168,2023-3-24 8:34,45.99,0.273,6,44.35
169,2023-3-24 8:49,46.2,0.365,7,48.04
170,2023-3-24 9:04,45.92,0.272,8,43.61
171,2023-3-24 9:19,45.14,0.367,7,50.43
172,2023-3-24 9:34,45.65,0.285,7,47.57
173,2023-3-24 9:49,45.26,0.312,7,46.69
174,2023-3-24 10:04,45.69,0.216,6,47.4
175,2023-3-24 10:19,45.27,0.272,8,45.08
176,2023-3-24 10:34,45.73,0.36,7,42.9
177,2023-3-24 10:49,45.34,0.323,8,49.49
178,2023-3-24 11:04,45.64,0.302,8,41.39
179,2023-3-24 11:19,45.44,0.283,7,44.63
180,2023-3-24 11:34,45.7,0.343,7,41.38
181,2023-3-24 11:49,46.19,0.211,6,49.11
182,2023-3-24 12:04,45.91,0.271,8,42.42
183,2023-3-24 12:19,45.44,0.357,8,43.69
184,2023-3-24 12:34,45.23,0.393,6,41.19
185,2023-3-24 12:49,45.8,0.358,6,44.58
186,2023-3-24 13:04,45.58,0.242,6,48.22
187,2023-3-24 13:19,46.07,0.253,6,47.45
188,2023-3-24 13:34,45.83,0.312,6,43.09
189,2023-3-24 13:49,46.03,0.35,6,41.4
190,2023-3-24 14:04,45.9,0.232,7,48.04
191,2023-3-24 14:19,45.15,0.244,6,48.13
192,2023-3-24 14:34,45.48,0.322,7,46.7
193,2023-3-24 14:49,45.82,0.379,8,48.25
194,2023-3-24 15:04,45.65,0.219,6,48.65
195,2023-3-24 15:19,45.74,0.364,6,41.61
196,2023-3-24 15:34,45.18,0.284,7,42.28
197,2023-3-24 15:49,45.81,0.332,8,46.65
198,2023-3-24 16:04,45.28,0.338,7,43.82
199,2023-3-24 16:19,45.78,0.236,8,50.85
200,2023-3-24 16:34,45.47,0.298,7,44.98
201,2023-3-24 16:49,45.69,0.358,6,50.77
202,2023-3-24 17:04,45.64,0.306,8,41.16
203,2023-3-24 17:19,45.15,0.31,7,42.64
204,2023-3-24 17:34,45.52,0.291,7,42.76
205,2023-3-24 17:49,45.25,0.312,8,47.11
206,2023-3-24 18:04,45.3,0.348,7,41.05
207,2023-3-24 18:19,46,0.262,8,45.65
208,2023-3-24 18:34,45.85,0.348,7,49.49
209,2023-3-24 18:49,46.18,0.22,7,47.31
210,2023-3-24 19:04,45.8,0.276,6,48.44
211,2023-3-24 19:19,46.16,0.218,8,50.54
212,2023-3-24 19:34,46.09,0.393,8,41.3
213,2023-3-24 19:49,46.07,0.243,7,47.14
214,2023-3-24 20:04,45.44,0.249,8,42.64
215,2023-3-24 20:19,46.14,0.24,8,50.43
216,2023-3-24 20:34,45.33,0.266,8,47.72
217,2023-3-24 20:49,45.66,0.393,6,49.77
218,2023-3-24 21:04,45.27,0.324,7,42.87
219,2023-3-24 21:19,45.49,0.382,7,50.84
220,2023-3-24 21:34,46.04,0.328,8,43.11
221,2023-3-24 21:49,45.28,0.225,8,47.18
222,2023-3-24 22:04,45.65,0.223,8,47.17
223,2023-3-24 22:19,45.14,0.234,6,48.51
224,2023-3-24 22:34,45.4,0.325,7,47.27
225,2023-3-24 22:49,45.57,0.233,6,47.85
226,2023-3-24 23:04,45.98,0.349,8,45.41
227,2023-3-24 23:19,45.15,0.228,7,50.73
228,2023-3-24 23:34,45.96,0.266,7,47.41
229,2023-3-24 23:49,45.2,0.37,7,48.86
230,2023-3-25 0:04,45.31,0.279,8,46.25
231,2023-3-25 0:19,45.65,0.361,7,48.47
232,2023-3-25 0:34,45.61,0.235,7,47.93
233,2023-3-25 0:49,45.12,0.365,7,50.82
234,2023-3-25 1:04,45.33,0.307,7,44.82
235,2023-3-25 1:19,45.5,0.327,6,46.46
236,2023-3-25 1:34,45.39,0.266,8,48.16
237,2023-3-25 1:49,45.84,0.263,7,42.64
238,2023-3-25 2:04,45.82,0.246,7,50.39
239,2023-3-25 2:19,45.47,0.4,7,45.82
240,2023-3-25 2:34,46.09,0.319,7,45.22
241,2023-3-25 2:49,45.49,0.299,6,50.75
242,2023-3-25 3:04,45.33,0.382,7,46.29
243,2023-3-25 3:19,45.97,0.236,8,42.61
244,2023-3-25 3:34,46.05,0.295,6,42.79
245,2023-3-25 3:49,45.9,0.213,6,48.17
246,2023-3-25 4:04,46.06,0.356,8,50.21
247,2023-3-25 4:19,45.26,0.248,7,49.03
248,2023-3-25 4:34,46.21,0.315,6,45.72
249,2023-3-25 4:49,45.67,0.22,7,42.15
250,2023-3-25 5:04,45.52,0.368,8,42.63
251,2023-3-25 5:19,45.4,0.259,7,45.55
252,2023-3-25 5:34,45.71,0.383,7,46.66
253,2023-3-25 5:49,45.41,0.343,8,46.29
254,2023-3-25 6:04,45.53,0.233,7,41.54
255,2023-3-25 6:19,46.05,0.288,8,41.65
256,2023-3-25 6:34,46.08,0.388,7,41.03
257,2023-3-25 6:49,45.76,0.298,8,47.08
258,2023-3-25 7:04,45.42,0.333,7,45.59
259,2023-3-25 7:19,46.2,0.255,6,48.83
260,2023-3-25 7:34,45.26,0.381,7,45.65
261,2023-3-25 7:49,45.23,0.268,8,43.65
262,2023-3-25 8:04,45.36,0.293,6,50.96
263,2023-3-25 8:19,45.77,0.386,8,45.3
264,2023-3-25 8:34,45.4,0.291,7,47.18
265,2023-3-25 8:49,46.18,0.22,6,49.81
266,2023-3-25 9:04,46.19,0.388,6,47.61
267,2023-3-25 9:19,45.63,0.228,8,49.13
268,2023-3-25 9:34,45.69,0.367,7,44.31
269,2023-3-25 9:49,45.51,0.276,7,50.65
270,2023-3-25 10:04,45.47,0.236,7,47.34
271,2023-3-25 10:19,45.17,0.241,6,44.42
272,2023-3-25 10:34,45.84,0.218,8,46.95
273,2023-3-25 10:49,45.55,0.386,6,41.54
274,2023-3-25 11:04,46.16,0.357,6,43.85
275,2023-3-25 11:19,46.05,0.263,6,41.14
276,2023-3-25 11:34,45.21,0.321,6,41.43
277,2023-3-25 11:49,45.76,0.38,6,45.64
278,2023-3-25 12:04,45.77,0.367,7,41.21
279,2023-3-25 12:19,46.07,0.383,7,47.58
280,2023-3-25 12:34,45.79,0.216,8,43.21
281,2023-3-25 12:49,45.85,0.335,6,46.24
282,2023-3-25 13:04,46.16,0.308,8,42.04
283,2023-3-25 13:19,45.48,0.269,7,45.77
284,2023-3-25 13:34,46.16,0.36,7,45.02
285,2023-3-25 13:49,45.42,0.296,7,49.49
286,2023-3-25 14:04,45.72,0.335,8,47.41
287,2023-3-25 14:19,45.53,0.377,7,46.09
288,2023-3-25 14:34,45.84,0.308,7,42.31
289,2023-3-25 14:49,45.93,0.387,8,50.74
290,2023-3-25 15:04,45.29,0.263,7,46.69
291,2023-3-25 15:19,45.16,0.269,6,41.74
292,2023-3-25 15:34,45.51,0.391,6,45.57
293,2023-3-25 15:49,45.52,0.223,8,46.4
294,2023-3-25 16:04,45.68,0.23,7,49.95
295,2023-3-25 16:19,46.15,0.343,7,49.51
296,2023-3-25 16:34,46,0.236,7,41.01
297,2023-3-25 16:49,45.65,0.268,7,48.33
298,2023-3-25 17:04,45.76,0.315,8,45.32
299,2023-3-25 17:19,46.08,0.226,6,45.09
300,2023-3-25 17:34,45.54,0.345,7,41.23
301,2023-3-25 17:49,46.19,0.266,8,42.95
302,2023-3-25 18:04,45.7,0.245,8,43.58
303,2023-3-25 18:19,45.26,0.332,8,45.86
304,2023-3-25 18:34,45.36,0.29,7,46.6
305,2023-3-25 18:49,45.61,0.386,8,43.23
306,2023-3-25 19:04,46.1,0.384,7,46.88
307,2023-3-25 19:19,45.71,0.368,8,48.95
308,2023-3-25 19:34,46.05,0.282,7,49.7
309,2023-3-25 19:49,45.52,0.3,7,47.01
310,2023-3-25 20:04,45.45,0.249,7,50.49
311,2023-3-25 20:19,45.48,0.349,6,43.62
312,2023-3-25 20:34,45.67,0.3,8,45.76
313,2023-3-25 20:49,45.22,0.22,8,42.61
314,2023-3-25 21:04,46.12,0.328,7,47.4
315,2023-3-25 21:19,45.1,0.324,7,50.05
316,2023-3-25 21:34,45.95,0.27,7,43.41
317,2023-3-25 21:49,45.75,0.385,7,49.04
318,2023-3-25 22:04,45.82,0.384,7,44.55
319,2023-3-25 22:19,45.68,0.384,7,43.24
320,2023-3-25 22:34,45.51,0.389,7,41.54
321,2023-3-25 22:49,46.18,0.229,6,46.24
322,2023-3-25 23:04,45.65,0.247,6,44.34
323,2023-3-25 23:19,45.82,0.285,6,44.44
324,2023-3-25 23:34,45.81,0.24,8,42.49
325,2023-3-25 23:49,45.74,0.341,8,46.72
326,2023-3-26 0:04,46.06,0.249,7,44.34
327,2023-3-26 0:19,45.65,0.399,7,50.23
328,2023-3-26 0:34,46.18,0.281,7,41.32
329,2023-3-26 0:49,46.06,0.35,8,41.41
330,2023-3-26 1:04,45.84,0.286,6,48.8
331,2023-3-26 1:19,45.35,0.329,6,47.93
332,2023-3-26 1:34,45.88,0.399,6,44.62
333,2023-3-26 1:49,45.13,0.353,6,43.34
334,2023-3-26 2:04,45.56,0.306,7,41.63
335,2023-3-26 2:19,45.48,0.398,7,50.32
336,2023-3-26 2:34,45.59,0.301,7,46.19
337,2023-3-26 2:49,45.47,0.322,6,42.78
338,2023-3-26 3:04,45.6,0.266,7,49.06
339,2023-3-26 3:19,45.99,0.378,8,45.43
340,2023-3-26 3:34,46.08,0.323,6,41.67
341,2023-3-26 3:49,45.82,0.395,6,44.67
342,2023-3-26 4:04,45.97,0.314,8,49.07
343,2023-3-26 4:19,45.66,0.244,7,45.25
344,2023-3-26 4:34,45.8,0.342,7,45.23
345,2023-3-26 4:49,45.61,0.321,7,47.9
346,2023-3-26 5:04,45.2,0.263,6,48.04
347,2023-3-26 5:19,45.85,0.213,8,43.89
348,2023-3-26 5:34,45.16,0.397,7,43.26
349,2023-3-26 5:49,45.21,0.323,8,48.02
350,2023-3-26 6:04,45.36,0.38,6,49.11
351,2023-3-26 6:19,45.35,0.347,6,47.73
352,2023-3-26 6:34,46.02,0.308,7,42.57
353,2023-3-26 6:49,46.1,0.351,8,49.94
354,2023-3-26 7:04,45.5,0.256,7,47.44
355,2023-3-26 7:19,45.56,0.234,8,47.39
356,2023-3-26 7:34,46.03,0.291,6,47.88
357,2023-3-26 7:49,45.74,0.304,6,46.06
358,2023-3-26 8:04,46.06,0.215,8,49.34
359,2023-3-26 8:19,45.56,0.384,7,42.49
360,2023-3-26 8:34,46.07,0.357,7,46.84
361,2023-3-26 8:49,45.61,0.233,8,42.31
362,2023-3-26 9:04,45.37,0.284,7,47.81
363,2023-3-26 9:19,45.4,0.324,7,42.29
364,2023-3-26 9:34,45.93,0.296,6,43.21
365,2023-3-26 9:49,45.72,0.227,6,43.83
366,2023-3-26 10:04,45.47,0.259,7,43.84
367,2023-3-26 10:19,46.11,0.344,7,45.74
368,2023-3-26 10:34,45.98,0.26,6,45.68
369,2023-3-26 10:49,45.75,0.378,7,42.38
370,2023-3-26 11:04,46.18,0.298,7,43.91
371,2023-3-26 11:19,45.45,0.298,6,45.98
372,2023-3-26 11:34,45.79,0.309,8,42.71
373,2023-3-26 11:49,46.15,0.365,8,41.86
374,2023-3-26 12:04,46.02,0.25,8,46.5
375,2023-3-26 12:19,45.61,0.231,7,41.35
376,2023-3-26 12:34,45.82,0.348,7,42.12
377,2023-3-26 12:49,45.94,0.392,8,43.7
378,2023-3-26 13:04,45.43,0.271,7,45.53
379,2023-3-26 13:19,45.48,0.372,7,44.01
380,2023-3-26 13:34,45.21,0.272,7,47.73
381,2023-3-26 13:49,45.39,0.335,8,49.83
382,2023-3-26 14:04,46.05,0.325,7,42.45
383,2023-3-26 14:19,45.48,0.296,6,46.94
384,2023-3-26 14:34,45.18,0.295,7,41.17
385,2023-3-26 14:49,45.6,0.275,7,47.76
386,2023-3-26 15:04,45.3,0.352,7,42.18
387,2023-3-26 15:19,45.57,0.338,6,49.83
388,2023-3-26 15:34,45.45,0.33,6,47.5
389,2023-3-26 15:49,45.53,0.253,7,44.54
390,2023-3-26 16:04,45.21,0.268,7,41.73
391,2023-3-26 16:19,46.13,0.328,7,47.22
392,2023-3-26 16:34,45.49,0.259,7,45.73
393,2023-3-26 16:49,45.73,0.367,7,41.71
394,2023-3-26 17:04,46.2,0.224,6,48.95
395,2023-3-26 17:19,45.4,0.243,7,43.87
396,2023-3-26 17:34,45.73,0.362,8,47.14
397,2023-3-26 17:49,45.97,0.33,7,46.74
398,2023-3-26 18:04,45.45,0.283,7,43.34
399,2023-3-26 18:19,45.84,0.361,7,47.45
400,2023-3-26 18:34,45.44,0.23,7,42.76
401,2023-3-26 18:49,46.13,0.285,7,42.93
402,2023-3-26 19:04,45.62,0.351,7,45.7
403,2023-3-26 19:19,45.56,0.317,8,44.87
404,2023-3-26 19:34,45.87,0.277,6,48.1
405,2023-3-26 19:49,45.43,0.338,7,47.63
406,2023-3-26 20:04,46,0.395,7,42.59
407,2023-3-26 20:19,45.46,0.375,8,46.44
408,2023-3-26 20:34,46.03,0.284,8,50.54
409,2023-3-26 20:49,46.04,0.367,8,49.88
410,2023-3-26 21:04,45.59,0.233,7,47.7
411,2023-3-26 21:19,45.44,0.393,7,48.88
412,2023-3-26 21:34,45.33,0.334,7,43.24
413,2023-3-26 21:49,46,0.334,8,49.36
414,2023-3-26 22:04,45.61,0.376,8,45.79
415,2023-3-26 22:19,45.83,0.293,6,47.72
416,2023-3-26 22:34,45.41,0.246,6,42.74
417,2023-3-26 22:49,45.16,0.315,7,47.58
418,2023-3-26 23:04,46.16,0.375,8,43.3
419,2023-3-26 23:19,45.25,0.358,6,41.47
420,2023-3-26 23:34,46.17,0.371,7,50.87
421,2023-3-26 23:49,45.32,0.245,8,42.27
422,2023-3-27 0:04,46.15,0.385,6,44.61
423,2023-3-27 0:19,45.27,0.331,7,42.16
424,2023-3-27 0:34,45.96,0.352,8,44.45
425,2023-3-27 0:49,45.88,0.378,6,43.19
426,2023-3-27 1:04,45.52,0.32,6,49.11
427,2023-3-27 1:19,46.17,0.218,7,43.76
428,2023-3-27 1:34,45.6,0.216,6,44.73
429,2023-3-27 1:49,45.49,0.283,7,47.85
430,2023-3-27 2:04,46.01,0.306,7,43.45
431,2023-3-27 2:19,45.59,0.344,6,49.71
432,2023-3-27 2:34,45.54,0.352,8,49.96
433,2023-3-27 2:49,45.55,0.328,7,47.92
434,2023-3-27 3:04,45.12,0.342,7,46.68
435,2023-3-27 3:19,45.5,0.288,8,50.7
436,2023-3-27 3:34,45.21,0.373,7,46.26
437,2023-3-27 3:49,45.37,0.255,7,49.07
438,2023-3-27 4:04,45.26,0.232,7,44.45
439,2023-3-27 4:19,45.42,0.361,7,50.72
440,2023-3-27 4:34,45.54,0.221,7,46.81
441,2023-3-27 4:49,45.29,0.332,7,50.61
442,2023-3-27 5:04,45.54,0.256,7,49.14
443,2023-3-27 5:19,45.64,0.257,7,42.43
444,2023-3-27 5:34,45.54,0.385,7,47.5
445,2023-3-27 5:49,45.53,0.348,7,43.25
446,2023-3-27 6:04,45.52,0.267,8,47.14
447,2023-3-27 6:19,45.73,0.226,6,46.32
448,2023-3-27 6:34,45.35,0.338,8,42.34
449,2023-3-27 6:49,45.44,0.364,7,41.77
450,2023-3-27 7:04,45.99,0.24,8,43.95
451,2023-3-27 7:19,45.96,0.352,7,43.11
452,2023-3-27 7:34,45.51,0.292,6,41.79
453,2023-3-27 7:49,45.31,0.298,6,45.33
454,2023-3-27 8:04,45.62,0.275,7,41.78
455,2023-3-27 8:19,46.16,0.382,8,46.65
456,2023-3-27 8:34,45.2,0.329,7,45.93
457,2023-3-27 8:49,46.16,0.23,8,46.13
458,2023-3-27 9:04,45.48,0.302,6,42.75
459,2023-3-27 9:19,45.92,0.224,6,46.52
460,2023-3-27 9:34,46.13,0.319,7,45.32
461,2023-3-27 9:49,45.4,0.386,7,46.26
462,2023-3-27 10:04,45.3,0.266,7,49.76
463,2023-3-27 10:19,45.29,0.313,7,42.61
464,2023-3-27 10:34,45.72,0.235,8,50.86
465,2023-3-27 10:49,46.07,0.237,7,42.34
466,2023-3-27 11:04,45.39,0.283,7,43.51
467,2023-3-27 11:19,45.61,0.317,7,49.46
468,2023-3-27 11:34,45.84,0.258,6,43.42
469,2023-3-27 11:49,45.35,0.262,7,45.14
470,2023-3-27 12:04,45.6,0.293,8,42.67
471,2023-3-27 12:19,45.61,0.363,8,45.36
472,2023-3-27 12:34,45.61,0.311,7,44.54
473,2023-3-27 12:49,45.38,0.329,7,47.7
474,2023-3-27 13:04,45.64,0.237,7,41.59
475,2023-3-27 13:19,45.85,0.333,7,43.35
476,2023-3-27 13:34,45.78,0.269,7,50.63
477,2023-3-27 13:49,45.86,0.33,7,45.44
478,2023-3-27 14:04,45.95,0.24,8,46.21
479,2023-3-27 14:19,45.17,0.343,8,46.69
480,2023-3-27 14:34,45.82,0.27,7,50.89
481,2023-3-27 14:49,45.78,0.33,6,42.81
482,2023-3-27 15:04,45.96,0.225,7,42.43
483,2023-3-27 15:19,45.8,0.377,7,50.3
484,2023-3-27 15:34,45.45,0.214,6,43.16
485,2023-3-27 15:49,45.18,0.238,7,47.59
486,2023-3-27 16:04,45.4,0.286,8,46.2
487,2023-3-27 16:19,46.04,0.272,6,47.81
488,2023-3-27 16:34,45.86,0.35,7,50.38
489,2023-3-27 16:49,45.49,0.309,6,41.29
490,2023-3-27 17:04,45.88,0.278,8,42.83
491,2023-3-27 17:19,45.28,0.302,6,46.81
492,2023-3-27 17:34,46.08,0.235,8,45.72
493,2023-3-27 17:49,45.71,0.22,7,41.94
494,2023-3-27 18:04,45.85,0.249,7,45.22
495,2023-3-27 18:19,45.1,0.318,6,47.36
496,2023-3-27 18:34,45.55,0.317,8,49.96
497,2023-3-27 18:49,45.67,0.348,6,43.23
498,2023-3-27 19:04,45.6,0.324,7,45.68
499,2023-3-27 19:19,45.56,0.339,7,44.66
500,2023-3-27 19:34,45.46,0.374,6,42.12
501,2023-3-27 19:49,45.66,0.386,7,46.12
502,2023-3-27 20:04,45.16,0.367,7,48.3
503,2023-3-27 20:19,46,0.214,6,50.46
504,2023-3-27 20:34,46.09,0.395,7,48.83
505,2023-3-27 20:49,45.79,0.331,6,42.44
506,2023-3-27 21:04,45.84,0.34,7,50.74
507,2023-3-27 21:19,45.4,0.234,7,43.08
508,2023-3-27 21:34,45.59,0.359,6,44.53
509,2023-3-27 21:49,45.95,0.252,8,48.41
510,2023-3-27 22:04,45.71,0.385,7,48.54
511,2023-3-27 22:19,45.84,0.349,8,46.84
512,2023-3-27 22:34,45.47,0.312,8,46.9
513,2023-3-27 22:49,45.2,0.343,7,46.62
514,2023-3-27 23:04,45.75,0.262,6,42.12
515,2023-3-27 23:19,45.58,0.339,8,48.39
516,2023-3-27 23:34,45.96,0.211,6,41.5
517,2023-3-27 23:49,46.16,0.239,6,43.23
518,2023-3-28 0:04,45.27,0.289,7,45.31
519,2023-3-28 0:19,45.2,0.302,6,47.5
520,2023-3-28 0:34,45.31,0.241,7,44.57
521,2023-3-28 0:49,46.17,0.345,7,41.32
522,2023-3-28 1:04,45.92,0.39,6,43.91
523,2023-3-28 1:19,46.17,0.323,7,44.47
524,2023-3-28 1:34,45.23,0.291,7,47.14
525,2023-3-28 1:49,46.11,0.224,7,44.33
526,2023-3-28 2:04,46.07,0.326,6,44.91
527,2023-3-28 2:19,45.33,0.371,7,46.45
528,2023-3-28 2:34,46,0.372,8,50.97
529,2023-3-28 2:49,45.21,0.273,7,48.07
530,2023-3-28 3:04,46.16,0.249,6,49.99
531,2023-3-28 3:19,45.52,0.232,6,44.57
532,2023-3-28 3:34,45.92,0.348,7,43.39
533,2023-3-28 3:49,45.24,0.328,7,47.54
534,2023-3-28 4:04,45.12,0.344,7,49.09
535,2023-3-28 4:19,45.21,0.214,7,50.59
536,2023-3-28 4:34,45.95,0.288,7,42.24
537,2023-3-28 4:49,45.18,0.214,7,41.92
538,2023-3-28 5:04,45.49,0.341,7,43.76
539,2023-3-28 5:19,46.2,0.321,7,47.62
540,2023-3-28 5:34,45.39,0.285,7,48.63
541,2023-3-28 5:49,45.82,0.364,7,41.42
542,2023-3-28 6:04,45.97,0.254,7,49.98
543,2023-3-28 6:19,45.41,0.231,7,43.88
544,2023-3-28 6:34,46.15,0.222,7,47.43
545,2023-3-28 6:49,45.26,0.241,6,43.08
546,2023-3-28 7:04,45.41,0.32,7,48.94
547,2023-3-28 7:19,46.02,0.289,7,46.79
548,2023-3-28 7:34,46.16,0.267,7,47.28
549,2023-3-28 7:49,46.1,0.371,8,45.13
550,2023-3-28 8:04,45.69,0.362,7,46.11
551,2023-3-28 8:19,45.37,0.376,6,47.9
552,2023-3-28 8:34,45.56,0.353,8,47.61
553,2023-3-28 8:49,45.36,0.214,6,43.24
554,2023-3-28 9:04,45.97,0.275,8,41.47
555,2023-3-28 9:19,45.52,0.266,8,44.45
556,2023-3-28 9:34,45.87,0.313,6,47.72
557,2023-3-28 9:49,46.08,0.348,7,43.4
558,2023-3-28 10:04,45.16,0.371,6,44.4
559,2023-3-28 10:19,46.19,0.317,6,48.36
560,2023-3-28 10:34,45.7,0.351,6,47.07
561,2023-3-28 10:49,46.02,0.239,7,45.34
562,2023-3-28 11:04,45.49,0.3,7,42.03
563,2023-3-28 11:19,45.77,0.226,7,43.75
564,2023-3-28 11:34,45.55,0.393,8,49.32
565,2023-3-28 11:49,46.11,0.276,8,44.92
566,2023-3-28 12:04,45.24,0.247,8,42.81
567,2023-3-28 12:19,46.01,0.27,7,48.12
568,2023-3-28 12:34,45.27,0.318,8,41.25
569,2023-3-28 12:49,45.25,0.285,6,50.64
570,2023-3-28 13:04,45.53,0.265,7,48.33
571,2023-3-28 13:19,45.35,0.328,7,46.76
572,2023-3-28 13:34,45.59,0.223,6,44.88
573,2023-3-28 13:49,45.76,0.359,7,50.58
574,2023-3-28 14:04,45.47,0.292,7,46.12
575,2023-3-28 14:19,45.84,0.397,7,41.19
576,2023-3-28 14:34,46.11,0.278,8,48.32
577,2023-3-28 14:49,45.45,0.252,7,41.6
578,2023-3-28 15:04,45.89,0.224,6,45.95
579,2023-3-28 15:19,45.25,0.288,8,47.89
580,2023-3-28 15:34,46.05,0.332,7,46.88
581,2023-3-28 15:49,45.48,0.242,6,44.31
582,2023-3-28 16:04,45.78,0.365,7,41.73
583,2023-3-28 16:19,46.02,0.253,6,46.77
584,2023-3-28 16:34,45.22,0.357,6,44.83
585,2023-3-28 16:49,45.94,0.22,7,45.78
586,2023-3-28 17:04,45.89,0.27,6,50.27
587,2023-3-28 17:19,45.39,0.397,7,42.86
588,2023-3-28 17:34,45.81,0.215,7,44.83
589,2023-3-28 17:49,45.3,0.305,8,49.42
590,2023-3-28 18:04,45.81,0.234,8,42.61
591,2023-3-28 18:19,45.66,0.33,7,42.18
592,2023-3-28 18:34,45.52,0.236,8,44.92
593,2023-3-28 18:49,46.1,0.265,6,50.91
594,2023-3-28 19:04,45.3,0.374,8,47.44
595,2023-3-28 19:19,45.96,0.295,7,45.56
596,2023-3-28 19:34,45.84,0.257,8,42.56
597,2023-3-28 19:49,45.73,0.232,7,45.9
598,2023-3-28 20:04,45.47,0.334,8,43.78
599,2023-3-28 20:19,46.11,0.334,6,44.74
600,2023-3-28 20:34,45.22,0.297,6,47.81
601,2023-3-28 20:49,45.47,0.239,7,42.92
602,2023-3-28 21:04,45.44,0.387,8,43.55
603,2023-3-28 21:19,45.33,0.231,8,49.46
604,2023-3-28 21:34,45.72,0.318,7,50.19
605,2023-3-28 21:49,45.51,0.311,8,46.44
606,2023-3-28 22:04,45.35,0.233,7,50.06
607,2023-3-28 22:19,45.14,0.328,6,48.55
608,2023-3-28 22:34,45.43,0.272,8,45.31
609,2023-3-28 22:49,45.32,0.222,7,46.65
610,2023-3-28 23:04,45.59,0.219,7,42.04
611,2023-3-28 23:19,45.46,0.259,8,50.92
612,2023-3-28 23:34,46.07,0.28,8,48.9
613,2023-3-28 23:49,45.74,0.25,7,45.35
614,2023-3-29 0:04,45.14,0.308,7,46.12
615,2023-3-29 0:19,45.97,0.296,7,43.91
616,2023-3-29 0:34,45.42,0.308,6,45.86
617,2023-3-29 0:49,45.47,0.358,8,41.23
618,2023-3-29 1:04,45.46,0.224,7,49.12
619,2023-3-29 1:19,45.44,0.351,7,48.8
620,2023-3-29 1:34,45.69,0.273,8,49.8
621,2023-3-29 1:49,45.3,0.261,6,43.83
622,2023-3-29 2:04,46.03,0.216,7,42.5
623,2023-3-29 2:19,45.99,0.32,7,48.66
624,2023-3-29 2:34,45.53,0.293,8,48.44
625,2023-3-29 2:49,45.24,0.359,6,48.6
626,2023-3-29 3:04,46.05,0.25,8,42.93
627,2023-3-29 3:19,46.02,0.284,8,50.73
628,2023-3-29 3:34,45.68,0.388,8,42.05
629,2023-3-29 3:49,45.51,0.323,8,41.35
630,2023-3-29 4:04,45.42,0.376,7,47.31
631,2023-3-29 4:19,45.8,0.224,6,48.33
632,2023-3-29 4:34,46.1,0.344,8,48.72
633,2023-3-29 4:49,45.86,0.243,7,46.12
634,2023-3-29 5:04,45.79,0.309,7,42.66
635,2023-3-29 5:19,45.13,0.271,7,41.92
636,2023-3-29 5:34,46.1,0.299,8,48.6
637,2023-3-29 5:49,45.16,0.275,7,43.59
638,2023-3-29 6:04,45.91,0.303,7,50.28
639,2023-3-29 6:19,45.22,0.365,7,49.38
640,2023-3-29 6:34,45.72,0.322,7,46.21
641,2023-3-29 6:49,46.01,0.299,6,47.99
642,2023-3-29 7:04,46.13,0.295,6,41.85
643,2023-3-29 7:19,45.84,0.236,7,46.47
644,2023-3-29 7:34,45.51,0.259,6,42.93
645,2023-3-29 7:49,45.21,0.295,6,48.97
646,2023-3-29 8:04,46.06,0.296,8,41.57
647,2023-3-29 8:19,45.42,0.231,8,49.72
648,2023-3-29 8:34,45.14,0.393,8,49.15
649,2023-3-29 8:49,45.8,0.316,6,49.36
650,2023-3-29 9:04,45.71,0.32,6,50.66
651,2023-3-29 9:19,45.28,0.291,7,48.14
652,2023-3-29 9:34,45.33,0.245,8,49.82
653,2023-3-29 9:49,45.42,0.272,6,45.71
654,2023-3-29 10:04,45.62,0.275,8,41.57
655,2023-3-29 10:19,45.75,0.301,7,50.28
656,2023-3-29 10:34,45.15,0.386,7,47.18
657,2023-3-29 10:49,45.98,0.368,7,44.61
658,2023-3-29 11:04,45.49,0.259,6,44.87
659,2023-3-29 11:19,45.53,0.318,6,48.8
660,2023-3-29 11:34,45.68,0.365,6,48.59
661,2023-3-29 11:49,45.67,0.236,7,48.89
662,2023-3-29 12:04,45.57,0.282,8,41.02
663,2023-3-29 12:19,45.96,0.299,8,47.88
664,2023-3-29 12:34,45.68,0.369,8,47.53
665,2023-3-29 12:49,45.41,0.261,7,43.71
666,2023-3-29 13:04,46.14,0.244,6,42.26
667,2023-3-29 13:19,45.19,0.279,8,47.43
668,2023-3-29 13:34,46.01,0.239,7,49.15
669,2023-3-29 13:49,45.95,0.281,8,45.72
670,2023-3-29 14:04,45.22,0.241,8,50.85
671,2023-3-29 14:19,45.94,0.285,6,42.62
672,2023-3-29 14:34,46,0.272,7,43.43
673,2023-3-29 14:49,45.8,0.321,8,48.74
674,2023-3-29 15:04,46.19,0.372,7,43.86
675,2023-3-29 15:19,45.19,0.268,8,45.19
676,2023-3-29 15:34,46.02,0.355,7,50.12
677,2023-3-29 15:49,45.42,0.229,8,48.57
678,2023-3-29 16:04,45.97,0.271,7,46.43
679,2023-3-29 16:19,45.69,0.276,7,48.95
680,2023-3-29 16:34,46,0.347,7,43.56
681,2023-3-29 16:49,45.69,0.273,7,47.54
682,2023-3-29 17:04,45.66,0.367,7,45.23
683,2023-3-29 17:19,46.1,0.298,6,42.75
684,2023-3-29 17:34,45.25,0.279,7,42.63
685,2023-3-29 17:49,45.46,0.337,8,45.49
686,2023-3-29 18:04,45.15,0.272,7,45.39
687,2023-3-29 18:19,45.97,0.392,7,44.07
688,2023-3-29 18:34,45.42,0.385,6,50.95
689,2023-3-29 18:49,45.84,0.362,6,48.61
690,2023-3-29 19:04,46.01,0.22,7,45.04
691,2023-3-29 19:19,45.26,0.338,8,49.17
692,2023-3-29 19:34,45.38,0.32,7,45.36
693,2023-3-29 19:49,45.6,0.214,6,45.32
694,2023-3-29 20:04,46.12,0.279,7,46.74
695,2023-3-29 20:19,45.15,0.386,6,43.67
696,2023-3-29 20:34,45.25,0.228,8,41.71
697,2023-3-29 20:49,45.41,0.248,7,42.48
698,2023-3-29 21:04,45.87,0.375,8,43.62
699,2023-3-29 21:19,46.17,0.259,7,50.62
700,2023-3-29 21:34,45.14,0.232,7,46.29
701,2023-3-29 21:49,45.25,0.299,6,49.44
702,2023-3-29 22:04,45.85,0.257,7,47.89
703,2023-3-29 22:19,45.16,0.243,7,43.03
704,2023-3-29 22:34,45.3,0.296,7,45.61
705,2023-3-29 22:49,45.19,0.229,6,45.23
706,2023-3-29 23:04,45.5,0.214,6,42.84
707,2023-3-29 23:19,46.09,0.332,7,44.27
708,2023-3-29 23:34,45.44,0.305,7,41.93
709,2023-3-29 23:49,45.34,0.364,7,41.3
710,2023-3-30 0:04,45.18,0.236,6,46.56
711,2023-3-30 0:19,45.74,0.305,7,46.29
712,2023-3-30 0:34,45.23,0.305,8,47.62
713,2023-3-30 0:49,46.15,0.238,6,44.83
714,2023-3-30 1:04,45.4,0.307,7,47.85
715,2023-3-30 1:19,46.01,0.391,7,47.63
716,2023-3-30 1:34,45.59,0.212,6,44.35
717,2023-3-30 1:49,45.61,0.252,7,50.72
718,2023-3-30 2:04,45.99,0.394,7,43.78
719,2023-3-30 2:19,45.94,0.337,6,42.14
720,2023-3-30 2:34,45.93,0.22,7,50.58
721,2023-3-30 2:49,45.62,0.225,6,48.82
722,2023-3-30 3:04,46.1,0.257,7,49.24
723,2023-3-30 3:19,46.1,0.327,8,48.35
724,2023-3-30 3:34,46.17,0.274,8,45.96
725,2023-3-30 3:49,45.53,0.391,7,49.35
726,2023-3-30 4:04,45.95,0.217,6,47.82
727,2023-3-30 4:19,45.83,0.357,7,44.58
728,2023-3-30 4:34,45.23,0.307,7,48.02
729,2023-3-30 4:49,45.85,0.217,8,42.68
730,2023-3-30 5:04,45.87,0.347,8,48.19
731,2023-3-30 5:19,45.6,0.211,7,45.73
732,2023-3-30 5:34,45.72,0.343,6,47.43
733,2023-3-30 5:49,45.98,0.378,7,46.12
734,2023-3-30 6:04,45.38,0.278,7,46.25
735,2023-3-30 6:19,45.41,0.293,6,45.66
736,2023-3-30 6:34,45.59,0.329,8,46.61
737,2023-3-30 6:49,45.9,0.366,8,42.4
738,2023-3-30 7:04,45.33,0.314,8,41.1
739,2023-3-30 7:19,45.57,0.262,7,44.31
740,2023-3-30 7:34,45.58,0.394,7,46.76
741,2023-3-30 7:49,45.9,0.284,8,46.24
742,2023-3-30 8:04,46.06,0.385,7,49.17
743,2023-3-30 8:19,45.27,0.372,6,44.28
744,2023-3-30 8:34,46.11,0.383,6,47.98
745,2023-3-30 8:49,45.23,0.351,7,48.96
746,2023-3-30 9:04,45.83,0.225,7,47.76
747,2023-3-30 9:19,45.54,0.377,7,45.94
748,2023-3-30 9:34,45.18,0.346,8,41.59
749,2023-3-30 9:49,45.82,0.318,7,46.42
750,2023-3-30 10:04,45.87,0.249,6,46.16
751,2023-3-30 10:19,46.1,0.24,6,43.71
752,2023-3-30 10:34,45.8,0.301,8,44.55
753,2023-3-30 10:49,45.76,0.344,7,41.74
754,2023-3-30 11:04,45.12,0.226,6,44.38
755,2023-3-30 11:19,45.37,0.357,6,43.15
756,2023-3-30 11:34,45.12,0.377,7,46.12
757,2023-3-30 11:49,45.55,0.349,6,43.35
758,2023-3-30 12:04,45.29,0.315,7,45.36
759,2023-3-30 12:19,46.02,0.342,6,43.83
760,2023-3-30 12:34,45.45,0.327,7,46.17
761,2023-3-30 12:49,45.5,0.213,7,43.5
762,2023-3-30 13:04,45.57,0.323,8,45.04
763,2023-3-30 13:19,45.95,0.211,7,43.67
764,2023-3-30 13:34,45.31,0.277,6,42.75
765,2023-3-30 13:49,45.11,0.295,8,47.24
