时间,黏度(实时),密度,油温,水活性,4umISO,6umISO,14umISO,NAS等级,黏度,介电常数
2022-10-3 0:03,63.72,0.843,25.15,0.67,17,14,10,6,31.89,2.22
2022-10-3 0:18,64.09,0.842,25.04,0.67,16,14,10,6,31.89,2.22
2022-10-3 0:33,64.25,0.843,25.01,0.67,16,14,10,6,31.94,2.22
2022-10-3 0:48,64.38,0.843,24.99,0.67,17,14,10,6,31.88,2.22
2022-10-3 1:03,64.4,0.843,24.95,0.67,16,14,10,6,31.86,2.22
2022-10-3 1:18,64.73,0.843,24.88,0.67,16,14,10,6,31.89,2.22
2022-10-3 1:33,64.85,0.843,24.86,0.67,17,14,11,6,31.98,2.22
2022-10-3 1:48,64.92,0.843,24.78,0.67,17,14,10,6,31.85,2.22
2022-10-3 2:03,64.92,0.843,24.78,0.67,17,14,10,6,31.85,2.22
2022-10-3 2:18,64.67,0.84,24.53,0.67,17,14,10,6,31.6,2.22
2022-10-3 2:33,65.36,0.843,24.63,0.67,16,14,11,6,31.81,2.22
2022-10-3 2:48,65.73,0.842,24.62,0.67,16,14,11,6,31.95,2.22
2022-10-3 3:03,65.68,0.842,24.61,0.67,17,14,10,6,31.94,2.22
2022-10-3 3:18,65.76,0.843,24.54,0.67,17,14,11,6,31.81,2.22
2022-10-3 3:33,65.93,0.842,24.5,0.67,17,14,10,6,31.84,2.22
2022-10-3 3:48,66.09,0.842,24.45,0.67,16,14,10,6,31.86,2.22
2022-10-3 4:03,66.47,0.842,24.4,0.67,16,14,10,6,31.93,2.22
2022-10-3 4:18,66.52,0.842,24.35,0.67,16,14,10,6,31.92,2.22
2022-10-3 4:33,66.75,0.842,24.35,0.67,16,14,10,6,31.97,2.22
2022-10-3 4:48,66.84,0.842,24.24,0.67,17,14,10,6,31.87,2.22
2022-10-3 5:03,67.19,0.842,24.2,0.67,16,14,11,6,31.9,2.22
2022-10-3 5:18,67.61,0.841,24.11,0.67,16,14,11,6,31.98,2.22
2022-10-3 5:33,67.78,0.841,24.1,0.67,16,14,11,6,31.99,2.22
2022-10-3 5:48,67.96,0.841,24.03,0.67,16,14,11,6,31.93,2.22
2022-10-3 6:03,68.3,0.841,23.92,0.67,16,14,11,6,31.94,2.22
2022-10-3 6:18,68.51,0.841,23.77,0.67,16,14,11,6,31.91,2.22
2022-10-3 6:33,69.13,0.841,23.68,0.67,16,14,11,6,32.04,2.22
2022-10-3 6:48,69.4,0.841,23.61,0.67,17,14,10,6,31.94,2.22
2022-10-3 7:03,69.79,0.841,23.46,0.67,16,14,10,6,31.95,2.23
2022-10-3 7:18,70.4,0.84,23.36,0.67,17,14,10,6,31.96,2.23
2022-10-3 7:33,71.16,0.839,23.37,0.67,17,14,10,6,32.23,2.23
2022-10-3 7:48,71.29,0.839,23.21,0.67,17,14,10,6,32.13,2.23
2022-10-3 8:03,72.32,0.838,23.16,0.67,16,14,11,6,32.37,2.23
2022-10-3 8:18,72.26,0.838,23,0.67,17,14,10,6,32.2,2.23
2022-10-3 8:33,72.62,0.839,22.93,0.67,17,14,10,6,32.19,2.23
2022-10-3 8:48,72.82,0.838,22.83,0.67,16,14,10,6,32.15,2.23
2022-10-3 9:03,73.2,0.839,22.79,0.67,17,14,10,6,32.19,2.23
2022-10-3 9:18,73.9,0.838,22.71,0.67,16,14,10,6,32.37,2.23
2022-10-3 9:33,74.08,0.838,22.6,0.67,17,14,11,6,32.26,2.23
2022-10-3 9:48,74.38,0.837,22.57,0.67,17,14,10,6,32.35,2.23
2022-10-3 10:03,74.59,0.837,22.51,0.67,16,14,11,6,32.33,2.23
2022-10-3 10:18,74.94,0.837,22.41,0.67,17,14,11,6,32.34,2.23
2022-10-3 10:33,75.15,0.837,22.35,0.67,16,14,10,6,32.28,2.23
2022-10-3 10:48,75.56,0.837,22.3,0.67,17,14,11,6,32.39,2.23
2022-10-3 11:03,75.52,0.837,22.28,0.67,17,14,10,6,32.29,2.23
2022-10-3 11:18,75.9,0.837,22.19,0.67,17,14,10,6,32.33,2.23
2022-10-3 11:33,76.11,0.836,22.21,0.67,16,14,11,6,32.43,2.23
2022-10-3 11:48,76.17,0.837,22.22,0.67,17,14,11,6,32.49,2.23
2022-10-3 12:03,76.33,0.836,22.19,0.67,16,14,10,6,32.45,2.23
2022-10-3 12:18,76.14,0.836,22.2,0.67,16,14,10,6,32.44,2.23
2022-10-3 12:33,76.07,0.836,22.22,0.67,17,14,11,6,32.43,2.23
2022-10-3 12:48,75.84,0.837,22.25,0.67,16,14,11,6,32.38,2.23
2022-10-3 13:03,75.89,0.836,22.29,0.67,16,14,11,6,32.48,2.23
2022-10-3 13:18,75.51,0.837,22.31,0.67,16,14,10,6,32.36,2.23
2022-10-3 13:33,75.59,0.836,22.35,0.67,17,14,10,6,32.47,2.23
2022-10-3 13:48,75.07,0.837,22.38,0.67,16,14,11,6,32.22,2.23
2022-10-3 14:03,75.13,0.837,22.45,0.67,17,14,10,6,32.48,2.23
2022-10-3 14:18,74.81,0.837,22.46,0.67,16,14,10,6,32.3,2.23
2022-10-3 14:33,74.69,0.837,22.51,0.67,17,14,11,6,32.33,2.23
2022-10-3 14:48,74.27,0.838,22.55,0.67,17,14,11,6,32.32,2.23
2022-10-3 15:03,74.1,0.838,22.57,0.67,16,14,11,6,32.16,2.23
2022-10-3 15:18,74.13,0.838,22.61,0.67,16,14,11,6,32.28,2.23
2022-10-3 15:33,74.18,0.837,22.58,0.67,16,14,11,6,32.26,2.23
2022-10-3 15:48,73.74,0.839,22.63,0.67,16,14,11,6,32.15,2.23
2022-10-3 16:03,74,0.838,22.61,0.67,16,14,10,6,32.27,2.23
2022-10-3 16:18,73.58,0.839,22.66,0.67,17,14,10,6,32.18,2.23
2022-10-3 16:33,73.95,0.838,22.66,0.67,17,14,10,6,32.28,2.23
2022-10-3 16:48,74.04,0.838,22.64,0.67,16,14,11,6,32.33,2.23
2022-10-3 17:03,73.91,0.838,22.65,0.67,16,14,10,6,32.26,2.23
2022-10-3 17:18,73.97,0.838,22.66,0.67,17,14,11,6,32.36,2.23
2022-10-3 17:33,74.06,0.838,22.58,0.67,16,14,10,6,32.26,2.23
2022-10-3 17:48,73.9,0.838,22.59,0.67,16,14,10,6,32.15,2.23
2022-10-3 18:03,74.08,0.838,22.57,0.67,16,14,11,6,32.22,2.23
2022-10-3 18:18,74.4,0.837,22.56,0.67,16,14,11,6,32.3,2.23
2022-10-3 18:33,74.33,0.838,22.5,0.67,17,14,10,6,32.28,2.23
2022-10-3 18:48,74.58,0.838,22.46,0.67,16,14,11,6,32.18,2.23
2022-10-3 19:03,75.01,0.837,22.43,0.67,17,14,10,6,32.27,2.23
2022-10-3 19:18,75.14,0.837,22.39,0.67,17,14,11,6,32.29,2.23
2022-10-3 19:33,75.55,0.837,22.32,0.67,17,14,10,6,32.38,2.23
2022-10-3 19:48,75.77,0.836,22.27,0.67,17,14,11,6,32.44,2.23
2022-10-3 20:03,76.16,0.836,22.15,0.67,17,14,11,6,32.4,2.23
2022-10-3 20:18,76.59,0.835,22.13,0.67,16,14,10,6,32.47,2.23
2022-10-3 20:33,76.86,0.835,22.04,0.67,16,14,10,6,32.41,2.23
2022-10-3 20:48,77.18,0.835,21.98,0.67,17,14,10,6,32.43,2.23
2022-10-3 21:03,77.52,0.836,21.92,0.67,16,14,11,6,32.46,2.23
2022-10-3 21:18,77.94,0.835,21.81,0.67,16,14,11,6,32.46,2.23
2022-10-3 21:33,78.61,0.834,21.76,0.67,16,14,10,6,32.56,2.23
2022-10-3 21:48,78.74,0.834,21.68,0.67,16,14,10,6,32.56,2.23
2022-10-3 22:03,79.03,0.834,21.58,0.67,17,14,11,6,32.46,2.23
2022-10-3 22:18,79.39,0.834,21.56,0.67,17,14,11,6,32.62,2.23
2022-10-3 22:33,79.6,0.834,21.51,0.67,16,14,11,6,32.61,2.23
2022-10-3 22:48,80.02,0.834,21.45,0.67,16,14,11,6,32.68,2.23
2022-10-3 23:03,80.43,0.833,21.36,0.67,17,14,11,6,32.67,2.23
2022-10-3 23:18,80.66,0.833,21.31,0.67,17,14,10,6,32.65,2.23
2022-10-3 23:33,81.04,0.833,21.27,0.67,16,14,11,6,32.68,2.23
2022-10-3 23:48,81.07,0.833,21.25,0.67,16,14,11,6,32.72,2.23
2022-10-4 0:03,81.07,0.833,21.25,0.67,17,14,11,6,32.72,2.23
2022-10-4 0:18,81.7,0.832,21.13,0.67,16,14,10,6,32.72,2.23
2022-10-4 0:33,81.97,0.832,21.12,0.67,16,14,10,6,32.79,2.23
2022-10-4 0:48,82.35,0.832,21.01,0.67,17,14,10,6,32.78,2.23
2022-10-4 1:03,82.46,0.832,21,0.67,16,14,11,6,32.71,2.23
2022-10-4 1:18,83.14,0.831,20.94,0.67,16,14,11,6,32.79,2.23
2022-10-4 1:33,83.3,0.831,20.92,0.67,17,14,10,6,32.88,2.23
2022-10-4 1:48,83.23,0.832,20.84,0.67,16,14,11,6,32.75,2.23
2022-10-4 2:03,83.89,0.831,20.82,0.67,16,14,11,6,32.94,2.23
2022-10-4 2:18,84.17,0.83,20.71,0.67,16,14,11,6,32.88,2.23
2022-10-4 2:33,84.8,0.83,20.65,0.67,16,14,11,6,32.94,2.23
2022-10-4 2:48,84.76,0.83,20.56,0.67,16,14,11,6,32.87,2.23
2022-10-4 3:03,85.24,0.83,20.51,0.67,17,14,11,6,32.92,2.23
2022-10-4 3:18,85.28,0.83,20.43,0.67,17,14,11,6,32.89,2.23
2022-10-4 3:33,85.62,0.83,20.45,0.67,17,14,11,6,32.95,2.23
2022-10-4 3:48,86.06,0.83,20.37,0.67,17,14,10,6,32.95,2.23
2022-10-4 4:03,86.24,0.83,20.33,0.67,17,14,11,6,32.89,2.23
2022-10-4 4:18,86.34,0.829,20.32,0.67,16,14,10,6,32.97,2.23
2022-10-4 4:33,86.58,0.829,20.26,0.67,16,14,10,6,32.94,2.23
2022-10-4 4:48,86.77,0.829,20.25,0.67,17,14,11,6,32.98,2.23
2022-10-4 5:03,86.95,0.829,20.18,0.67,16,14,11,6,32.93,2.23
2022-10-4 5:18,87.43,0.829,20.15,0.67,16,14,10,6,33.02,2.23
2022-10-4 5:33,87.8,0.828,20.1,0.67,17,14,11,6,33.05,2.23
2022-10-4 5:48,88.16,0.828,20.06,0.67,16,14,10,6,33.16,2.23
2022-10-4 6:03,88.62,0.827,20,0.67,16,14,11,6,33.13,2.23
2022-10-4 6:18,88.4,0.828,19.96,0.67,17,14,11,6,33.04,2.23
2022-10-4 6:33,88.52,0.828,19.95,0.67,17,14,10,6,33.05,2.23
2022-10-4 6:48,88.52,0.828,19.95,0.67,16,14,11,6,33.05,2.23
2022-10-4 7:03,88.32,0.826,19.75,0.67,16,14,11,6,32.85,2.23
2022-10-4 7:18,89.58,0.826,19.86,0.67,17,14,10,6,33.22,2.23
2022-10-4 7:33,89.5,0.827,19.81,0.67,16,14,11,6,33.15,2.23
2022-10-4 7:48,89.63,0.827,19.78,0.67,17,14,11,6,33.25,2.23
2022-10-4 8:03,90.1,0.826,19.75,0.67,17,14,11,6,33.23,2.23
2022-10-4 8:18,90.08,0.826,19.76,0.67,17,14,10,6,33.22,2.23
2022-10-4 8:33,90.2,0.826,19.71,0.67,16,14,11,6,33.17,2.23
2022-10-4 8:48,90.06,0.826,19.74,0.67,17,14,10,6,33.19,2.23
2022-10-4 9:03,90.79,0.825,19.72,0.67,16,14,10,6,33.38,2.23
2022-10-4 9:18,90.91,0.825,19.7,0.67,16,14,10,6,33.4,2.23
2022-10-4 9:33,90.05,0.827,19.75,0.67,17,14,11,6,33.24,2.23
2022-10-4 9:48,90.05,0.827,19.7,0.67,16,14,11,6,33.16,2.23
2022-10-4 10:03,90.33,0.826,19.73,0.67,16,14,11,6,33.26,2.23
2022-10-4 10:18,90.15,0.826,19.73,0.67,16,14,10,6,33.17,2.23
2022-10-4 10:33,90.04,0.827,19.77,0.67,17,14,10,6,33.25,2.23
2022-10-4 10:48,90.36,0.826,19.69,0.67,17,14,11,6,33.17,2.23
2022-10-4 11:03,90.27,0.826,19.78,0.67,16,14,10,6,33.25,2.23
2022-10-4 11:18,90.14,0.825,19.8,0.67,17,14,10,6,33.29,2.23
2022-10-4 11:33,89.82,0.826,19.82,0.67,17,14,10,6,33.32,2.23
2022-10-4 11:48,89.31,0.827,19.85,0.67,16,14,10,6,33.18,2.23
2022-10-4 12:03,89.36,0.827,19.91,0.67,16,14,11,6,33.28,2.23
2022-10-4 12:18,89.32,0.827,19.91,0.67,17,14,10,6,33.22,2.23
2022-10-4 12:33,89.23,0.827,19.96,0.67,16,14,10,6,33.27,2.23
2022-10-4 12:48,88.62,0.827,19.98,0.67,16,14,11,6,33.21,2.23
2022-10-4 13:03,88.38,0.827,20.05,0.67,16,14,11,6,33.22,2.23
2022-10-4 13:18,87.77,0.828,20.13,0.67,17,14,11,6,33.05,2.23
2022-10-4 13:33,87.28,0.829,20.19,0.67,17,14,11,6,33.06,2.23
2022-10-4 13:48,86.36,0.829,20.38,0.67,16,14,11,6,33.08,2.23
2022-10-4 14:03,85.74,0.829,20.51,0.67,16,14,11,6,33.05,2.23
2022-10-4 14:18,84.9,0.83,20.56,0.67,17,14,10,6,32.86,2.23
2022-10-4 14:33,84.25,0.831,20.65,0.67,16,14,11,6,32.88,2.23
2022-10-4 14:48,84.15,0.831,20.72,0.67,17,14,10,6,32.85,2.23
2022-10-4 15:03,83.57,0.831,20.8,0.67,16,14,10,6,32.85,2.23
2022-10-4 15:18,82.89,0.832,20.91,0.67,17,14,11,6,32.83,2.23
2022-10-4 15:33,82.47,0.832,20.98,0.67,17,14,11,6,32.68,2.23
2022-10-4 15:48,81.93,0.833,21.1,0.67,16,14,10,6,32.75,2.23
2022-10-4 16:03,81.6,0.833,21.13,0.67,17,14,11,6,32.73,2.23
2022-10-4 16:18,81.51,0.833,21.16,0.67,16,14,10,6,32.67,2.23
2022-10-4 16:33,80.94,0.833,21.21,0.67,17,14,10,6,32.6,2.23
2022-10-4 16:48,81.01,0.833,21.28,0.67,17,14,11,6,32.68,2.23
2022-10-4 17:03,80.65,0.834,21.31,0.67,16,14,10,6,32.64,2.23
2022-10-4 17:18,80.43,0.834,21.31,0.67,17,14,11,6,32.55,2.23
2022-10-4 17:33,80.33,0.834,21.34,0.67,17,14,10,6,32.57,2.23
2022-10-4 17:48,80.33,0.834,21.34,0.67,16,14,11,6,32.57,2.23
2022-10-4 18:03,80.11,0.836,21.13,0.67,17,14,11,6,32.92,2.23
2022-10-4 18:18,80.32,0.834,21.37,0.67,16,14,10,6,32.64,2.23
2022-10-4 18:33,80.64,0.833,21.36,0.67,17,14,11,6,32.65,2.23
2022-10-4 18:48,80.23,0.834,21.41,0.67,17,14,11,6,32.63,2.23
2022-10-4 19:03,80.65,0.833,21.38,0.67,16,14,11,6,32.77,2.23
2022-10-4 19:18,80.32,0.834,21.4,0.67,17,14,10,6,32.73,2.23
2022-10-4 19:33,80.6,0.833,21.35,0.67,17,14,11,6,32.65,2.23
2022-10-4 19:48,80.88,0.833,21.33,0.67,17,14,11,6,32.7,2.23
2022-10-4 20:03,81.1,0.832,21.33,0.67,17,14,10,6,32.76,2.23
2022-10-4 20:18,81.15,0.832,21.26,0.67,16,14,11,6,32.69,2.23
2022-10-4 20:33,81.33,0.832,21.25,0.67,16,14,10,6,32.74,2.23
2022-10-4 20:48,81.72,0.832,21.2,0.67,16,14,11,6,32.89,2.23
2022-10-4 21:03,81.95,0.832,21.14,0.67,17,14,11,6,32.81,2.23
2022-10-4 21:18,81.83,0.832,21.12,0.67,16,14,11,6,32.72,2.23
2022-10-4 21:33,82.45,0.831,21.08,0.67,17,14,10,6,32.86,2.23
2022-10-4 21:48,82.47,0.832,21.03,0.67,17,14,10,6,32.79,2.23
2022-10-4 22:03,82.76,0.832,20.99,0.67,17,14,11,6,32.86,2.23
2022-10-4 22:18,83.04,0.831,20.96,0.67,17,14,11,6,32.88,2.23
2022-10-4 22:33,82.95,0.832,20.87,0.67,16,14,10,6,32.76,2.23
2022-10-4 22:48,83.4,0.831,20.88,0.67,16,14,11,6,32.84,2.23
2022-10-4 23:03,83.54,0.831,20.77,0.67,16,14,10,6,32.86,2.23
2022-10-4 23:18,84,0.831,20.71,0.67,17,14,10,6,32.86,2.23
2022-10-4 23:33,84.55,0.83,20.66,0.67,16,14,10,6,32.91,2.23
2022-10-4 23:48,84.73,0.83,20.61,0.67,17,14,10,6,32.94,2.23
2022-10-5 0:03,84.73,0.83,20.61,0.67,17,14,11,6,32.94,2.23
2022-10-5 0:18,85.76,0.829,20.52,0.67,17,14,11,6,33.12,2.23
2022-10-5 0:33,85.85,0.829,20.42,0.67,17,14,11,6,32.96,2.23
2022-10-5 0:48,85.85,0.829,20.42,0.67,17,14,11,6,32.96,2.23
2022-10-5 1:03,86.77,0.829,20.37,0.67,17,14,10,6,33.08,2.23
2022-10-5 1:18,86.61,0.829,20.29,0.67,17,14,10,6,33.07,2.23
2022-10-5 1:33,87.22,0.828,20.26,0.67,17,14,10,6,33.08,2.23
2022-10-5 1:48,87.09,0.829,20.2,0.67,16,14,11,6,32.98,2.23
2022-10-5 2:03,87.09,0.829,20.2,0.67,16,14,10,6,32.98,2.23
2022-10-5 2:18,86.89,0.826,19.99,0.67,17,14,11,6,32.78,2.23
2022-10-5 2:33,88.07,0.827,20.15,0.67,16,14,10,6,33.22,2.23
2022-10-5 2:48,87.6,0.828,20.12,0.67,17,14,11,6,33.06,2.23
2022-10-5 3:03,88,0.828,20.08,0.67,17,14,10,6,33.11,2.23
2022-10-5 3:18,88.08,0.828,20.1,0.67,16,14,11,6,33.2,2.23
2022-10-5 3:33,87.77,0.828,20.08,0.67,16,14,11,6,33.03,2.23
2022-10-5 3:48,88.4,0.827,20.03,0.67,17,14,10,6,33.09,2.23
2022-10-5 4:03,88.37,0.827,20.06,0.67,16,14,10,6,33.2,2.23
2022-10-5 4:18,87.84,0.828,20.08,0.67,16,14,10,6,33.12,2.23
2022-10-5 4:33,87.84,0.828,20.08,0.67,16,14,10,6,33.12,2.23
2022-10-5 4:48,87.84,0.828,20.08,0.67,16,14,10,6,33.12,2.23
2022-10-5 5:03,87.84,0.828,20.08,0.67,16,14,10,6,33.12,2.23
2022-10-5 5:18,87.84,0.828,20.08,0.67,16,14,10,6,33.12,2.23
2022-10-5 5:33,87.84,0.828,20.08,0.67,16,14,10,6,33.12,2.23
2022-10-5 5:48,87.84,0.828,20.08,0.67,16,14,10,6,33.12,2.23
2022-10-5 6:03,87.84,0.828,20.08,0.67,16,14,10,6,33.12,2.23
2022-10-5 6:18,87.84,0.828,20.08,0.67,16,14,10,6,33.12,2.23
2022-10-5 6:33,87.84,0.828,20.08,0.67,16,14,10,6,33.12,2.23
2022-10-5 6:48,87.84,0.828,20.08,0.67,16,14,10,6,33.12,2.23
2022-10-5 7:03,87.84,0.828,20.08,0.67,16,14,10,6,33.12,2.23
2022-10-5 7:18,87.84,0.828,20.08,0.67,16,14,10,6,33.12,2.23
2022-10-5 7:33,87.84,0.828,20.08,0.67,16,14,10,6,33.12,2.23
2022-10-5 7:48,87.84,0.828,20.08,0.67,16,14,10,6,33.12,2.23
2022-10-5 8:03,87.84,0.828,20.08,0.67,16,14,10,6,33.12,2.23
2022-10-5 8:18,87.84,0.828,20.08,0.67,16,14,10,6,33.12,2.23
2022-10-5 8:33,87.84,0.828,20.08,0.67,16,14,10,6,33.12,2.23
2022-10-5 8:48,87.84,0.828,20.08,0.67,16,14,10,6,33.12,2.23
2022-10-5 9:03,87.84,0.828,20.08,0.67,16,14,10,6,33.12,2.23
2022-10-5 9:18,87.84,0.828,20.08,0.67,16,14,10,6,33.12,2.23
2022-10-5 9:33,87.84,0.828,20.08,0.67,16,14,10,6,33.12,2.23
2022-10-5 9:48,87.84,0.828,20.08,0.67,16,14,10,6,33.12,2.23
2022-10-5 10:03,87.84,0.828,20.08,0.67,16,14,10,6,33.12,2.23
2022-10-5 10:18,87.84,0.828,20.08,0.67,16,14,10,6,33.12,2.23
2022-10-5 10:33,87.84,0.828,20.08,0.67,16,14,10,6,33.12,2.23
2022-10-5 10:48,87.84,0.828,20.08,0.67,16,14,10,6,33.12,2.23
2022-10-5 11:03,87.84,0.828,20.08,0.67,16,14,10,6,33.12,2.23
2022-10-5 11:18,87.84,0.828,20.08,0.67,16,14,10,6,33.12,2.23
2022-10-5 11:33,87.84,0.828,20.08,0.67,16,14,10,6,33.12,2.23
2022-10-5 11:48,87.84,0.828,20.08,0.67,16,14,10,6,33.12,2.23
2022-10-5 12:03,87.84,0.828,20.08,0.67,16,14,10,6,33.12,2.23
2022-10-5 12:18,87.84,0.828,20.08,0.67,16,14,10,6,33.12,2.23
2022-10-5 12:33,87.84,0.828,20.08,0.67,16,14,10,6,33.12,2.23
2022-10-5 12:48,87.84,0.828,20.08,0.67,16,14,10,6,33.12,2.23
2022-10-5 13:03,87.84,0.828,20.08,0.67,16,14,10,6,33.12,2.23
2022-10-5 13:18,87.84,0.828,20.08,0.67,16,14,10,6,33.12,2.23
2022-10-5 13:33,87.84,0.828,20.08,0.67,16,14,10,6,33.12,2.23
2022-10-5 13:48,87.84,0.828,20.08,0.67,16,14,10,6,33.12,2.23
2022-10-5 14:03,87.84,0.828,20.08,0.67,16,14,10,6,33.12,2.23
2022-10-5 14:18,87.84,0.828,20.08,0.67,16,14,10,6,33.12,2.23
2022-10-5 14:33,87.84,0.828,20.08,0.67,16,14,10,6,33.12,2.23
2022-10-5 14:48,87.84,0.828,20.08,0.67,16,14,10,6,33.12,2.23
2022-10-5 15:03,87.84,0.828,20.08,0.67,16,14,10,6,33.12,2.23
2022-10-5 15:18,87.84,0.828,20.08,0.67,16,14,10,6,33.12,2.23
2022-10-5 15:33,87.84,0.828,20.08,0.67,16,14,10,6,33.12,2.23
2022-10-5 15:48,87.84,0.828,20.08,0.67,16,14,10,6,33.12,2.23
2022-10-5 16:03,87.84,0.828,20.08,0.67,16,14,10,6,33.12,2.23
2022-10-5 16:18,87.84,0.828,20.08,0.67,16,14,10,6,33.12,2.23
2022-10-5 16:33,87.84,0.828,20.08,0.67,16,14,10,6,33.12,2.23
2022-10-5 16:50,87.84,0.828,20.08,0.67,16,14,10,6,33.12,2.23
2022-10-5 17:05,87.84,0.828,20.08,0.67,16,14,10,6,33.12,2.23
2022-10-5 17:20,87.84,0.828,20.08,0.67,16,14,10,6,33.12,2.23
2022-10-5 17:35,87.84,0.828,20.08,0.67,16,14,10,6,33.12,2.23
2022-10-5 17:50,87.84,0.828,20.08,0.67,16,14,10,6,33.12,2.23
2022-10-5 18:05,87.84,0.828,20.08,0.67,16,14,10,6,33.12,2.23
2022-10-5 18:20,87.84,0.828,20.08,0.67,16,14,10,6,33.12,2.23
2022-10-5 18:35,87.84,0.828,20.08,0.67,16,14,10,6,33.12,2.23
2022-10-5 18:50,87.84,0.828,20.08,0.67,16,14,10,6,33.12,2.23
2022-10-5 19:05,87.84,0.828,20.08,0.67,16,14,10,6,33.12,2.23
2022-10-5 19:20,87.84,0.828,20.08,0.67,16,14,10,6,33.12,2.23
2022-10-5 19:35,87.84,0.828,20.08,0.67,16,14,10,6,33.12,2.23
2022-10-5 19:50,87.84,0.828,20.08,0.67,16,14,10,6,33.12,2.23
2022-10-5 20:05,87.84,0.828,20.08,0.67,16,14,10,6,33.12,2.23
2022-10-5 20:20,87.84,0.828,20.08,0.67,16,14,10,6,33.12,2.23
2022-10-5 20:35,87.84,0.828,20.08,0.67,16,14,10,6,33.12,2.23
2022-10-5 20:50,87.84,0.828,20.08,0.67,16,14,10,6,33.12,2.23
2022-10-5 21:05,87.84,0.828,20.08,0.67,16,14,10,6,33.12,2.23
2022-10-5 21:20,87.84,0.828,20.08,0.67,16,14,10,6,33.12,2.23
2022-10-5 21:35,87.84,0.828,20.08,0.67,16,14,10,6,33.12,2.23
2022-10-5 21:50,87.84,0.828,20.08,0.67,16,14,10,6,33.12,2.23
2022-10-5 22:05,87.84,0.828,20.08,0.67,16,14,10,6,33.12,2.23
2022-10-5 22:20,87.84,0.828,20.08,0.67,16,14,10,6,33.12,2.23
2022-10-5 22:35,87.84,0.828,20.08,0.67,16,14,10,6,33.12,2.23
2022-10-5 22:50,87.84,0.828,20.08,0.67,16,14,10,6,33.12,2.23
2022-10-5 23:05,87.84,0.828,20.08,0.67,16,14,10,6,33.12,2.23
2022-10-5 23:20,87.84,0.828,20.08,0.67,16,14,10,6,33.12,2.23
2022-10-5 23:35,87.84,0.828,20.08,0.67,16,14,10,6,33.12,2.23
2022-10-5 23:50,84.61,0.83,20.63,0.67,17,14,10,6,32.92,2.23
2022-10-6 0:05,84.86,0.83,20.64,0.67,17,14,10,6,33,2.23
2022-10-6 0:20,85,0.83,20.59,0.67,17,14,10,6,32.99,2.23
2022-10-6 0:35,85.19,0.829,20.59,0.67,16,14,11,6,33.01,2.23
2022-10-6 0:50,85.04,0.83,20.55,0.67,17,14,10,6,32.97,2.23
2022-10-6 1:05,85.26,0.829,20.55,0.67,17,14,11,6,33,2.23
2022-10-6 1:20,85.15,0.83,20.55,0.67,17,14,11,6,32.94,2.23
2022-10-6 1:35,84.85,0.831,20.55,0.67,16,14,11,6,32.89,2.23
2022-10-6 1:50,85.22,0.83,20.56,0.67,17,14,10,6,33.01,2.23
2022-10-6 2:05,85.38,0.83,20.54,0.67,17,14,11,6,32.99,2.23
2022-10-6 2:20,85.2,0.83,20.56,0.67,16,14,10,6,32.97,2.23
2022-10-6 2:35,85.33,0.83,20.55,0.67,16,14,10,6,33.01,2.23
2022-10-6 2:50,85.35,0.83,20.54,0.67,17,14,11,6,33.04,2.23
2022-10-6 3:05,85.76,0.829,20.47,0.67,17,14,11,6,33.01,2.23
2022-10-6 3:20,85.53,0.83,20.5,0.67,16,14,10,6,32.97,2.23
2022-10-6 3:35,85.67,0.83,20.46,0.67,17,14,11,6,32.89,2.23
2022-10-6 3:50,85.85,0.829,20.46,0.67,16,14,10,6,33,2.23
2022-10-6 4:05,85.76,0.83,20.47,0.67,16,14,10,6,33.05,2.23
2022-10-6 4:20,85.7,0.83,20.44,0.67,16,14,10,6,32.97,2.23
2022-10-6 4:35,86.06,0.829,20.46,0.67,17,14,10,6,33.01,2.23
2022-10-6 4:50,86.21,0.829,20.39,0.67,16,14,10,6,33.03,2.23
2022-10-6 5:05,86.15,0.83,20.39,0.67,16,14,10,6,33.04,2.23
2022-10-6 5:20,86.33,0.829,20.38,0.67,16,14,11,6,33.01,2.23
2022-10-6 5:35,86.24,0.829,20.35,0.67,17,14,11,6,32.98,2.23
2022-10-6 5:50,86.24,0.829,20.37,0.67,17,14,11,6,32.97,2.23
2022-10-6 6:05,86.27,0.83,20.35,0.67,16,14,11,6,33.07,2.23
2022-10-6 6:20,86.76,0.829,20.32,0.67,16,14,11,6,33.11,2.23
2022-10-6 6:35,86.73,0.829,20.33,0.67,17,14,10,6,33.12,2.23
2022-10-6 6:50,86.73,0.829,20.33,0.67,16,14,11,6,33.12,2.23
2022-10-6 7:05,86.52,0.827,20.12,0.67,16,14,11,6,32.92,2.23
2022-10-6 7:20,86.97,0.829,20.22,0.67,16,14,10,6,33.06,2.23
2022-10-6 7:35,87.15,0.828,20.24,0.67,16,14,11,6,33.07,2.23
2022-10-6 7:50,87.46,0.828,20.18,0.67,16,14,11,6,33.05,2.23
2022-10-6 8:05,87.17,0.829,20.15,0.67,17,14,11,6,32.91,2.23
2022-10-6 8:20,87.5,0.829,20.17,0.67,16,14,10,6,33.09,2.23
2022-10-6 8:35,87.74,0.828,20.12,0.67,17,14,11,6,33.04,2.23
2022-10-6 8:50,87.75,0.829,20.11,0.67,16,14,10,6,33.11,2.23
2022-10-6 9:05,87.94,0.828,20.06,0.67,16,14,11,6,33.08,2.23
2022-10-6 9:20,88.18,0.828,20.09,0.67,17,14,10,6,33.23,2.23
2022-10-6 9:35,88.39,0.827,20.06,0.67,17,14,10,6,33.15,2.23
2022-10-6 9:50,87.87,0.828,20.12,0.67,16,14,10,6,33.13,2.23
2022-10-6 10:05,88.05,0.828,20.13,0.67,17,14,11,6,33.18,2.23
2022-10-6 10:20,87.52,0.829,20.16,0.67,16,14,10,6,33.09,2.23
2022-10-6 10:35,87.22,0.829,20.17,0.67,16,14,10,6,33.06,2.23
2022-10-6 10:50,87.23,0.829,20.26,0.67,16,14,10,6,33.16,2.23
2022-10-6 11:05,86.55,0.829,20.27,0.67,16,14,10,6,33,2.23
2022-10-6 11:20,86.18,0.83,20.34,0.67,17,14,10,6,32.95,2.23
2022-10-6 11:35,85.58,0.83,20.46,0.67,17,14,11,6,32.94,2.23
2022-10-6 11:50,85.76,0.829,20.53,0.67,16,14,11,6,33.11,2.23
2022-10-6 12:05,85.17,0.83,20.58,0.67,16,14,10,6,32.95,2.23
2022-10-6 12:20,84.58,0.831,20.63,0.67,16,14,11,6,32.87,2.23
2022-10-6 12:35,84.57,0.83,20.7,0.67,17,14,11,6,32.95,2.23
2022-10-6 12:50,83.57,0.831,20.76,0.67,16,14,10,6,32.82,2.23
2022-10-6 13:05,83.41,0.831,20.86,0.67,17,14,11,6,32.8,2.23
2022-10-6 13:20,83.29,0.831,20.92,0.67,17,14,11,6,32.85,2.23
2022-10-6 13:35,82.74,0.831,20.96,0.67,16,14,11,6,32.77,2.23
2022-10-6 13:50,82.17,0.832,21.04,0.67,17,14,10,6,32.75,2.23
2022-10-6 14:05,81.57,0.833,21.12,0.67,16,14,11,6,32.68,2.23
2022-10-6 14:20,81.48,0.832,21.19,0.67,17,14,10,6,32.74,2.23
2022-10-6 14:35,80.83,0.834,21.32,0.67,16,14,10,6,32.74,2.23
2022-10-6 14:50,80.85,0.833,21.35,0.67,17,14,11,6,32.78,2.23
2022-10-6 15:05,80.23,0.834,21.36,0.67,17,14,10,6,32.56,2.23
2022-10-6 15:20,80.08,0.834,21.41,0.67,16,14,10,6,32.6,2.23
2022-10-6 15:35,79.85,0.834,21.48,0.67,16,14,11,6,32.61,2.23
2022-10-6 15:50,79.44,0.834,21.52,0.67,16,14,11,6,32.58,2.23
2022-10-6 16:05,79.36,0.834,21.61,0.67,16,14,11,6,32.63,2.23
2022-10-6 16:20,79.14,0.834,21.62,0.67,17,14,10,6,32.59,2.23
2022-10-6 16:35,78.47,0.835,21.67,0.67,16,14,10,6,32.45,2.23
2022-10-6 16:50,78.58,0.835,21.72,0.67,16,14,11,6,32.51,2.23
2022-10-6 17:05,78.69,0.834,21.69,0.67,16,14,10,6,32.53,2.23
2022-10-6 17:20,78.64,0.834,21.73,0.67,17,14,11,6,32.56,2.23
2022-10-6 17:35,78.56,0.835,21.78,0.67,16,14,11,6,32.57,2.23
2022-10-6 17:50,78.23,0.835,21.77,0.67,16,14,11,6,32.54,2.23
2022-10-6 18:05,78.65,0.834,21.75,0.67,17,14,10,6,32.58,2.23
2022-10-6 18:20,78.47,0.835,21.77,0.67,17,14,11,6,32.6,2.23
2022-10-6 18:35,78.35,0.835,21.78,0.67,16,14,10,6,32.52,2.23
2022-10-6 18:50,78.41,0.835,21.75,0.67,16,14,11,6,32.54,2.23
2022-10-6 19:05,78.51,0.835,21.74,0.67,17,14,10,6,32.55,2.23
2022-10-6 19:20,78.57,0.835,21.72,0.67,17,14,11,6,32.56,2.23
2022-10-6 19:35,78.79,0.835,21.69,0.67,16,14,10,6,32.57,2.23
2022-10-6 19:50,78.81,0.835,21.63,0.67,17,14,11,6,32.48,2.23
2022-10-6 20:05,79.2,0.834,21.61,0.67,17,14,10,6,32.68,2.23
2022-10-6 20:20,79.14,0.835,21.56,0.67,17,14,10,6,32.54,2.23
2022-10-6 20:35,79.67,0.834,21.54,0.67,17,14,10,6,32.65,2.23
2022-10-6 20:50,79.91,0.834,21.46,0.67,17,14,11,6,32.54,2.23
2022-10-6 21:05,79.9,0.834,21.38,0.67,17,14,10,6,32.51,2.23
2022-10-6 21:20,80.67,0.833,21.38,0.67,16,14,10,6,32.73,2.23
2022-10-6 21:35,80.65,0.834,21.31,0.67,17,14,10,6,32.59,2.23
2022-10-6 21:50,80.82,0.834,21.27,0.67,16,14,10,6,32.61,2.23
2022-10-6 22:05,81.4,0.833,21.23,0.67,16,14,11,6,32.82,2.23
2022-10-6 22:20,81.45,0.833,21.21,0.67,17,14,10,6,32.76,2.23
2022-10-6 22:35,81.41,0.833,21.18,0.67,17,14,11,6,32.66,2.23
2022-10-6 22:50,81.74,0.833,21.09,0.67,16,14,10,6,32.74,2.23
2022-10-6 23:05,82.3,0.832,21.04,0.67,17,14,11,6,32.78,2.23
2022-10-6 23:20,82.5,0.832,21.04,0.67,17,14,11,6,32.78,2.23
2022-10-6 23:35,82.36,0.833,20.99,0.67,17,14,11,6,32.72,2.23
2022-10-6 23:50,82.94,0.831,20.96,0.67,16,14,10,6,32.86,2.23
2022-10-7 0:05,82.65,0.832,20.94,0.67,16,14,11,6,32.75,2.23
2022-10-7 0:20,82.84,0.832,20.86,0.67,16,14,10,6,32.69,2.23
2022-10-7 0:35,82.87,0.832,20.87,0.67,16,14,11,6,32.69,2.23
2022-10-7 0:50,83.22,0.831,20.92,0.67,16,14,10,6,32.85,2.23
2022-10-7 1:05,82.93,0.832,20.86,0.67,16,14,10,6,32.7,2.23
2022-10-7 1:20,83.3,0.832,20.92,0.67,16,14,11,6,32.89,2.23
2022-10-7 1:35,83.42,0.832,20.83,0.67,17,14,11,6,32.81,2.23
2022-10-7 1:50,83.71,0.831,20.76,0.67,16,14,10,6,32.82,2.23
2022-10-7 2:05,84,0.831,20.72,0.67,16,14,11,6,32.82,2.23
2022-10-7 2:20,84.45,0.831,20.69,0.67,17,14,10,6,32.89,2.23
2022-10-7 2:35,84.48,0.831,20.61,0.67,16,14,10,6,32.86,2.23
2022-10-7 2:50,84.81,0.831,20.56,0.67,16,14,10,6,32.86,2.23
2022-10-7 3:05,84.96,0.831,20.55,0.67,16,14,10,6,32.9,2.23
2022-10-7 3:20,84.97,0.831,20.52,0.67,17,14,11,6,32.85,2.23
2022-10-7 3:35,85.58,0.83,20.48,0.67,16,14,11,6,33.05,2.23
2022-10-7 3:50,85.84,0.83,20.46,0.67,16,14,11,6,33.02,2.23
2022-10-7 4:05,85.84,0.83,20.46,0.67,16,14,11,6,33.02,2.23
2022-10-7 4:20,85.84,0.83,20.46,0.67,16,14,11,6,33.02,2.23
2022-10-7 4:35,85.84,0.83,20.46,0.67,16,14,11,6,33.02,2.23
2022-10-7 4:50,85.84,0.83,20.46,0.67,16,14,11,6,33.02,2.23
2022-10-7 5:05,85.84,0.83,20.46,0.67,16,14,11,6,33.02,2.23
2022-10-7 5:20,85.84,0.83,20.46,0.67,16,14,11,6,33.02,2.23
2022-10-7 5:35,85.84,0.83,20.46,0.67,16,14,11,6,33.02,2.23
2022-10-7 5:50,85.84,0.83,20.46,0.67,16,14,11,6,33.02,2.23
2022-10-7 6:05,85.84,0.83,20.46,0.67,16,14,11,6,33.02,2.23
2022-10-7 6:20,85.84,0.83,20.46,0.67,16,14,11,6,33.02,2.23
2022-10-7 6:35,85.84,0.83,20.46,0.67,16,14,11,6,33.02,2.23
2022-10-7 6:50,85.84,0.83,20.46,0.67,16,14,11,6,33.02,2.23
2022-10-7 7:05,85.84,0.83,20.46,0.67,16,14,11,6,33.02,2.23
2022-10-7 7:20,85.84,0.83,20.46,0.67,16,14,11,6,33.02,2.23
2022-10-7 7:35,85.84,0.83,20.46,0.67,16,14,11,6,33.02,2.23
2022-10-7 7:50,85.84,0.83,20.46,0.67,16,14,11,6,33.02,2.23
2022-10-7 8:05,85.84,0.83,20.46,0.67,16,14,11,6,33.02,2.23
2022-10-7 8:20,85.84,0.83,20.46,0.67,16,14,11,6,33.02,2.23
2022-10-7 8:35,85.84,0.83,20.46,0.67,16,14,11,6,33.02,2.23
2022-10-7 8:50,85.84,0.83,20.46,0.67,16,14,11,6,33.02,2.23
2022-10-7 9:05,85.84,0.83,20.46,0.67,16,14,11,6,33.02,2.23
2022-10-7 9:20,85.84,0.83,20.46,0.67,16,14,11,6,33.02,2.23
2022-10-7 9:35,85.84,0.83,20.46,0.67,16,14,11,6,33.02,2.23
2022-10-7 9:50,85.84,0.83,20.46,0.67,16,14,11,6,33.02,2.23
2022-10-7 10:05,85.84,0.83,20.46,0.67,16,14,11,6,33.02,2.23
2022-10-7 10:20,85.84,0.83,20.46,0.67,16,14,11,6,33.02,2.23
2022-10-7 10:35,85.84,0.83,20.46,0.67,16,14,11,6,33.02,2.23
2022-10-7 10:50,85.84,0.83,20.46,0.67,16,14,11,6,33.02,2.23
2022-10-7 11:05,85.84,0.83,20.46,0.67,16,14,11,6,33.02,2.23
2022-10-7 11:20,85.84,0.83,20.46,0.67,16,14,11,6,33.02,2.23
2022-10-7 11:35,85.84,0.83,20.46,0.67,16,14,11,6,33.02,2.23
2022-10-7 11:50,85.84,0.83,20.46,0.67,16,14,11,6,33.02,2.23
2022-10-7 12:05,85.84,0.83,20.46,0.67,16,14,11,6,33.02,2.23
2022-10-7 12:20,85.84,0.83,20.46,0.67,16,14,11,6,33.02,2.23
2022-10-7 12:35,85.84,0.83,20.46,0.67,16,14,11,6,33.02,2.23
2022-10-7 12:50,85.84,0.83,20.46,0.67,16,14,11,6,33.02,2.23
2022-10-7 13:05,85.84,0.83,20.46,0.67,16,14,11,6,33.02,2.23
2022-10-7 13:20,85.84,0.83,20.46,0.67,16,14,11,6,33.02,2.23
2022-10-7 13:35,85.84,0.83,20.46,0.67,16,14,11,6,33.02,2.23
2022-10-7 13:50,85.84,0.83,20.46,0.67,16,14,11,6,33.02,2.23
2022-10-7 14:05,85.84,0.83,20.46,0.67,16,14,11,6,33.02,2.23
2022-10-7 14:20,85.84,0.83,20.46,0.67,16,14,11,6,33.02,2.23
2022-10-7 14:35,85.84,0.83,20.46,0.67,16,14,11,6,33.02,2.23
2022-10-7 14:50,85.84,0.83,20.46,0.67,16,14,11,6,33.02,2.23
2022-10-7 15:05,85.84,0.83,20.46,0.67,16,14,11,6,33.02,2.23
2022-10-7 15:20,85.84,0.83,20.46,0.67,16,14,11,6,33.02,2.23
2022-10-7 15:35,85.84,0.83,20.46,0.67,16,14,11,6,33.02,2.23
2022-10-7 15:50,85.84,0.83,20.46,0.67,16,14,11,6,33.02,2.23
2022-10-7 16:05,85.84,0.83,20.46,0.67,16,14,11,6,33.02,2.23
2022-10-7 16:20,85.84,0.83,20.46,0.67,16,14,11,6,33.02,2.23
2022-10-7 16:35,85.84,0.83,20.46,0.67,16,14,11,6,33.02,2.23
2022-10-7 16:50,85.84,0.83,20.46,0.67,16,14,11,6,33.02,2.23
2022-10-7 17:05,85.84,0.83,20.46,0.67,16,14,11,6,33.02,2.23
2022-10-7 17:20,85.84,0.83,20.46,0.67,16,14,11,6,33.02,2.23
2022-10-7 17:35,85.84,0.83,20.46,0.67,16,14,11,6,33.02,2.23
2022-10-7 17:50,85.84,0.83,20.46,0.67,16,14,11,6,33.02,2.23
2022-10-7 18:05,85.84,0.83,20.46,0.67,16,14,11,6,33.02,2.23
2022-10-7 18:20,85.84,0.83,20.46,0.67,16,14,11,6,33.02,2.23
2022-10-7 18:35,85.84,0.83,20.46,0.67,16,14,11,6,33.02,2.23
2022-10-7 18:50,85.84,0.83,20.46,0.67,16,14,11,6,33.02,2.23
2022-10-7 19:05,85.84,0.83,20.46,0.67,16,14,11,6,33.02,2.23
2022-10-7 19:20,85.84,0.83,20.46,0.67,16,14,11,6,33.02,2.23
2022-10-7 19:35,85.84,0.83,20.46,0.67,16,14,11,6,33.02,2.23
2022-10-7 19:50,85.84,0.83,20.46,0.67,16,14,11,6,33.02,2.23
2022-10-7 20:05,85.84,0.83,20.46,0.67,16,14,11,6,33.02,2.23
2022-10-7 20:20,85.84,0.83,20.46,0.67,16,14,11,6,33.02,2.23
2022-10-7 20:35,85.84,0.83,20.46,0.67,16,14,11,6,33.02,2.23
2022-10-7 20:50,85.84,0.83,20.46,0.67,16,14,11,6,33.02,2.23
2022-10-7 21:05,85.84,0.83,20.46,0.67,16,14,11,6,33.02,2.23
2022-10-7 21:20,85.84,0.83,20.46,0.67,16,14,11,6,33.02,2.23
2022-10-7 21:35,85.84,0.83,20.46,0.67,16,14,11,6,33.02,2.23
2022-10-7 21:50,85.84,0.83,20.46,0.67,16,14,11,6,33.02,2.23
2022-10-7 22:05,85.84,0.83,20.46,0.67,16,14,11,6,33.02,2.23
2022-10-7 22:20,85.84,0.83,20.46,0.67,16,14,11,6,33.02,2.23
2022-10-7 22:35,85.84,0.83,20.46,0.67,16,14,11,6,33.02,2.23
2022-10-7 22:50,85.84,0.83,20.46,0.67,16,14,11,6,33.02,2.23
2022-10-7 23:05,85.84,0.83,20.46,0.67,16,14,11,6,33.02,2.23
2022-10-7 23:20,85.84,0.83,20.46,0.67,16,14,11,6,33.02,2.23
2022-10-7 23:35,85.84,0.83,20.46,0.67,16,14,11,6,33.02,2.23
2022-10-7 23:50,80.05,0.834,21.49,0.67,17,14,11,6,32.69,2.23
2022-10-8 0:05,80.08,0.834,21.42,0.67,16,14,10,6,32.63,2.23
2022-10-8 0:20,80.27,0.834,21.42,0.67,16,14,10,6,32.61,2.23
2022-10-8 0:35,80.25,0.834,21.39,0.67,16,14,10,6,32.62,2.23
2022-10-8 0:50,80.34,0.834,21.36,0.67,17,14,10,6,32.62,2.23
2022-10-8 1:05,80.48,0.834,21.33,0.67,16,14,10,6,32.62,2.23
2022-10-8 1:20,80.63,0.834,21.3,0.67,17,14,11,6,32.61,2.23
2022-10-8 1:35,80.78,0.833,21.26,0.67,17,14,10,6,32.56,2.23
2022-10-8 1:50,80.99,0.833,21.26,0.67,17,14,11,6,32.76,2.23
2022-10-8 2:05,80.99,0.833,21.26,0.67,16,14,10,6,32.76,2.23
2022-10-8 2:20,80.78,0.831,21.05,0.67,17,14,11,6,32.55,2.23
2022-10-8 2:35,81.54,0.833,21.14,0.67,17,14,11,6,32.68,2.23
2022-10-8 2:50,81.68,0.833,21.09,0.67,17,14,10,6,32.64,2.23
2022-10-8 3:05,81.77,0.833,21.09,0.67,17,14,10,6,32.72,2.23
2022-10-8 3:20,82.4,0.832,21.04,0.67,17,14,10,6,32.74,2.23
2022-10-8 3:35,82.4,0.832,21.05,0.67,17,14,11,6,32.84,2.23
2022-10-8 3:50,82.36,0.832,20.97,0.67,17,14,11,6,32.73,2.23
2022-10-8 4:05,82.52,0.832,20.9,0.67,17,14,10,6,32.68,2.23
2022-10-8 4:20,82.84,0.832,20.92,0.67,16,14,10,6,32.76,2.23
2022-10-8 4:35,82.76,0.832,20.9,0.67,17,14,10,6,32.72,2.23
2022-10-8 4:50,82.98,0.832,20.85,0.67,16,14,10,6,32.68,2.23
2022-10-8 5:05,83.2,0.832,20.78,0.67,16,14,10,6,32.7,2.23
2022-10-8 5:20,83.81,0.831,20.82,0.67,17,14,11,6,32.89,2.23
2022-10-8 5:35,83.7,0.831,20.74,0.67,17,14,11,6,32.8,2.23
2022-10-8 5:50,84.47,0.83,20.7,0.67,16,14,11,6,32.92,2.23
2022-10-8 6:05,84.76,0.83,20.65,0.67,17,14,11,6,32.99,2.23
2022-10-8 6:20,85.38,0.829,20.54,0.67,17,14,11,6,33.03,2.23
2022-10-8 6:35,85.73,0.829,20.48,0.67,17,14,10,6,33.02,2.23
2022-10-8 6:50,86.06,0.829,20.44,0.67,17,14,11,6,33.04,2.23
2022-10-8 7:05,85.98,0.829,20.39,0.67,17,14,10,6,33.03,2.23
2022-10-8 7:20,86.42,0.829,20.36,0.67,17,14,11,6,33.02,2.23
2022-10-8 7:35,86.73,0.829,20.27,0.67,16,14,10,6,33.05,2.23
2022-10-8 7:50,86.86,0.829,20.23,0.67,16,14,10,6,33,2.23
2022-10-8 8:05,87.25,0.828,20.18,0.67,17,14,10,6,33.07,2.23
2022-10-8 8:20,87.57,0.828,20.18,0.67,17,14,11,6,33.09,2.23
2022-10-8 8:35,87.69,0.828,20.16,0.67,17,14,10,6,33.15,2.23
2022-10-8 8:50,87.84,0.828,20.15,0.67,16,14,11,6,33.18,2.23
2022-10-8 9:05,87.56,0.829,20.15,0.67,16,14,10,6,33.05,2.23
2022-10-8 9:20,87.76,0.828,20.07,0.67,17,14,11,6,32.99,2.23
2022-10-8 9:35,88.2,0.827,20.08,0.67,17,14,10,6,33.12,2.23
2022-10-8 9:50,88.19,0.827,20.07,0.67,16,14,11,6,33.12,2.23
2022-10-8 10:05,88.19,0.827,20.07,0.67,17,14,11,6,33.12,2.23
2022-10-8 10:20,87.99,0.829,19.87,0.67,16,14,11,6,32.96,2.23
2022-10-8 10:35,87.45,0.828,20.15,0.67,16,14,10,6,33.09,2.23
2022-10-8 10:50,87.05,0.829,20.17,0.67,16,14,10,6,32.98,2.23
2022-10-8 11:05,86.96,0.829,20.26,0.67,16,14,11,6,33.1,2.23
2022-10-8 11:20,86.74,0.829,20.28,0.67,17,14,11,6,32.98,2.23
2022-10-8 11:35,85.83,0.83,20.37,0.67,17,14,10,6,32.86,2.23
2022-10-8 11:50,85.99,0.829,20.42,0.67,17,14,10,6,32.98,2.23
2022-10-8 12:05,85.55,0.83,20.44,0.67,17,14,10,6,32.91,2.23
2022-10-8 12:20,85.31,0.83,20.53,0.67,16,14,11,6,33,2.23
2022-10-8 12:35,85.31,0.83,20.53,0.67,16,14,11,6,33,2.23
2022-10-8 12:50,85.31,0.83,20.53,0.67,16,14,11,6,33,2.23
2022-10-8 13:05,85.31,0.83,20.53,0.67,16,14,11,6,33,2.23
2022-10-8 13:20,85.31,0.83,20.53,0.67,16,14,11,6,33,2.23
2022-10-8 13:35,85.31,0.83,20.53,0.67,16,14,11,6,33,2.23
2022-10-8 13:50,85.31,0.83,20.53,0.67,16,14,11,6,33,2.23
2022-10-8 14:05,85.31,0.83,20.53,0.67,16,14,11,6,33,2.23
2022-10-8 14:20,85.31,0.83,20.53,0.67,16,14,11,6,33,2.23
2022-10-8 14:35,85.31,0.83,20.53,0.67,16,14,11,6,33,2.23
2022-10-8 14:50,85.31,0.83,20.53,0.67,16,14,11,6,33,2.23
2022-10-8 15:05,85.31,0.83,20.53,0.67,16,14,11,6,33,2.23
2022-10-8 15:20,85.31,0.83,20.53,0.67,16,14,11,6,33,2.23
2022-10-8 15:35,85.31,0.83,20.53,0.67,16,14,11,6,33,2.23
2022-10-8 15:50,85.31,0.83,20.53,0.67,16,14,11,6,33,2.23
2022-10-8 16:05,85.31,0.83,20.53,0.67,16,14,11,6,33,2.23
2022-10-8 16:20,85.31,0.83,20.53,0.67,16,14,11,6,33,2.23
2022-10-8 16:35,85.31,0.83,20.53,0.67,16,14,11,6,33,2.23
2022-10-8 16:50,85.31,0.83,20.53,0.67,16,14,11,6,33,2.23
2022-10-8 17:05,85.31,0.83,20.53,0.67,16,14,11,6,33,2.23
2022-10-8 17:20,85.31,0.83,20.53,0.67,16,14,11,6,33,2.23
2022-10-8 17:35,85.31,0.83,20.53,0.67,16,14,11,6,33,2.23
2022-10-8 17:50,85.31,0.83,20.53,0.67,16,14,11,6,33,2.23
2022-10-8 18:05,85.31,0.83,20.53,0.67,16,14,11,6,33,2.23
2022-10-8 18:20,85.31,0.83,20.53,0.67,16,14,11,6,33,2.23
2022-10-8 18:35,85.31,0.83,20.53,0.67,16,14,11,6,33,2.23
2022-10-8 18:50,85.31,0.83,20.53,0.67,16,14,11,6,33,2.23
2022-10-8 19:05,85.31,0.83,20.53,0.67,16,14,11,6,33,2.23
2022-10-8 19:20,85.31,0.83,20.53,0.67,16,14,11,6,33,2.23
2022-10-8 19:35,85.31,0.83,20.53,0.67,16,14,11,6,33,2.23
2022-10-8 19:50,85.31,0.83,20.53,0.67,16,14,11,6,33,2.23
2022-10-8 20:05,85.31,0.83,20.53,0.67,16,14,11,6,33,2.23
2022-10-8 20:20,85.31,0.83,20.53,0.67,16,14,11,6,33,2.23
2022-10-8 20:35,85.31,0.83,20.53,0.67,16,14,11,6,33,2.23
2022-10-8 20:50,85.31,0.83,20.53,0.67,16,14,11,6,33,2.23
2022-10-8 21:05,85.31,0.83,20.53,0.67,16,14,11,6,33,2.23
2022-10-8 21:20,85.31,0.83,20.53,0.67,16,14,11,6,33,2.23
2022-10-8 21:35,85.31,0.83,20.53,0.67,16,14,11,6,33,2.23
2022-10-8 21:50,85.31,0.83,20.53,0.67,16,14,11,6,33,2.23
2022-10-8 22:05,85.31,0.83,20.53,0.67,16,14,11,6,33,2.23
2022-10-8 22:20,85.31,0.83,20.53,0.67,16,14,11,6,33,2.23
2022-10-8 22:35,85.31,0.83,20.53,0.67,16,14,11,6,33,2.23
2022-10-8 22:50,85.31,0.83,20.53,0.67,16,14,11,6,33,2.23
2022-10-8 23:05,85.31,0.83,20.53,0.67,16,14,11,6,33,2.23
2022-10-8 23:20,85.31,0.83,20.53,0.67,16,14,11,6,33,2.23
2022-10-8 23:35,85.31,0.83,20.53,0.67,16,14,11,6,33,2.23
2022-10-8 23:50,97.71,0.82,18.66,0.67,17,14,10,6,33.74,2.23
2022-10-9 0:05,98.45,0.82,18.57,0.67,16,14,11,6,33.79,2.23
2022-10-9 0:20,98.82,0.82,18.55,0.67,16,14,11,6,33.82,2.23
2022-10-9 0:35,98.53,0.82,18.56,0.67,16,14,11,6,33.76,2.23
2022-10-9 0:50,98.72,0.82,18.48,0.67,16,14,10,6,33.71,2.23
2022-10-9 1:05,99.11,0.819,18.48,0.67,16,14,10,6,33.77,2.23
2022-10-9 1:20,99.65,0.819,18.44,0.67,17,14,11,6,33.84,2.23
2022-10-9 1:35,99.5,0.819,18.4,0.67,17,14,11,6,33.81,2.23
2022-10-9 1:50,99.95,0.819,18.37,0.67,16,14,10,6,33.86,2.23
2022-10-9 2:05,100.54,0.818,18.35,0.67,16,14,11,6,34,2.23
2022-10-9 2:20,100.95,0.818,18.31,0.67,16,14,10,6,34.05,2.23
2022-10-9 2:35,100.81,0.818,18.27,0.67,16,14,11,6,33.91,2.23
2022-10-9 2:50,101.52,0.817,18.26,0.67,17,14,11,6,34.13,2.23
2022-10-9 3:05,100.88,0.819,18.18,0.67,17,14,11,6,33.8,2.23
2022-10-9 3:20,101.55,0.818,18.18,0.67,16,14,10,6,33.97,2.23
2022-10-9 3:35,101.25,0.819,18.17,0.67,17,14,10,6,33.92,2.23
2022-10-9 3:50,102.1,0.817,18.12,0.67,16,14,11,6,34.06,2.23
2022-10-9 4:05,102.31,0.817,18.09,0.67,16,14,11,6,34.02,2.24
2022-10-9 4:20,102.64,0.817,18.03,0.67,16,14,11,6,34.05,2.24
2022-10-9 4:35,102.98,0.817,17.99,0.67,17,14,11,6,34.11,2.24
2022-10-9 4:50,103.4,0.817,17.95,0.67,17,14,11,6,34.11,2.24
2022-10-9 5:05,103.86,0.816,17.91,0.67,17,14,11,6,34.18,2.24
2022-10-9 5:20,104.4,0.815,17.86,0.67,17,14,11,6,34.27,2.24
2022-10-9 5:35,104.64,0.815,17.78,0.67,16,14,11,6,34.15,2.24
2022-10-9 5:50,104.96,0.815,17.79,0.67,17,14,10,6,34.25,2.24
2022-10-9 6:05,104.85,0.815,17.73,0.67,16,14,10,6,34.14,2.24
2022-10-9 6:20,105.65,0.814,17.73,0.67,16,14,10,6,34.31,2.24
2022-10-9 6:35,105.82,0.815,17.65,0.67,16,14,11,6,34.23,2.24
2022-10-9 6:50,106.46,0.814,17.58,0.67,17,14,10,6,34.33,2.24
2022-10-9 7:05,106.49,0.814,17.52,0.67,16,14,10,6,34.25,2.24
2022-10-9 7:20,107.15,0.814,17.49,0.67,16,14,10,6,34.33,2.24
2022-10-9 7:35,107.61,0.813,17.46,0.67,16,14,10,6,34.36,2.24
2022-10-9 7:50,107.89,0.813,17.4,0.67,16,14,10,6,34.4,2.24
2022-10-9 8:05,108.01,0.813,17.35,0.67,17,14,10,6,34.26,2.24
2022-10-9 8:20,108.57,0.813,17.34,0.67,16,14,10,6,34.45,2.24
2022-10-9 8:35,108.57,0.813,17.34,0.67,17,14,10,6,34.45,2.24
2022-10-9 8:50,108.39,0.811,17.16,0.67,17,14,11,6,34.27,2.24
2022-10-9 9:05,108.95,0.813,17.17,0.67,16,14,11,6,34.27,2.24
2022-10-9 9:20,110.26,0.811,17.14,0.67,17,14,10,6,34.5,2.24
2022-10-9 9:35,110.22,0.811,17.11,0.67,16,14,11,6,34.47,2.24
2022-10-9 9:50,110.98,0.811,17.14,0.67,16,14,10,6,34.72,2.24
2022-10-9 10:05,110.29,0.811,17.08,0.67,16,14,10,6,34.49,2.24
2022-10-9 10:20,109.72,0.812,17.15,0.67,17,14,10,6,34.46,2.24
2022-10-9 10:35,109.31,0.812,17.21,0.67,17,14,11,6,34.4,2.24
2022-10-9 10:50,108.79,0.813,17.23,0.67,17,14,11,6,34.33,2.24
2022-10-9 11:05,108.94,0.813,17.26,0.67,17,14,11,6,34.42,2.24
2022-10-9 11:20,107.94,0.814,17.28,0.67,16,14,11,6,34.18,2.24
2022-10-9 11:35,107.98,0.813,17.38,0.67,16,14,11,6,34.37,2.24
2022-10-9 11:50,107.4,0.814,17.36,0.67,16,14,11,6,34.19,2.24
2022-10-9 12:05,107.23,0.814,17.44,0.67,17,14,11,6,34.25,2.24
2022-10-9 12:20,106.99,0.814,17.48,0.67,16,14,10,6,34.26,2.24
2022-10-9 12:35,106.9,0.814,17.52,0.67,17,14,10,6,34.32,2.24
2022-10-9 12:50,106.08,0.815,17.56,0.67,17,14,10,6,34.21,2.24
2022-10-9 13:05,105.89,0.815,17.58,0.67,17,14,11,6,34.17,2.24
2022-10-9 13:20,106.04,0.814,17.63,0.67,17,14,11,6,34.26,2.24
2022-10-9 13:35,105.43,0.815,17.73,0.67,17,14,11,6,34.27,2.24
2022-10-9 13:50,105.02,0.815,17.73,0.67,16,14,10,6,34.15,2.24
2022-10-9 14:05,104.95,0.815,17.81,0.67,17,14,10,6,34.25,2.24
2022-10-9 14:20,103.51,0.817,17.85,0.67,17,14,10,6,33.93,2.24
2022-10-9 14:35,103.29,0.817,17.95,0.67,17,14,10,6,34.12,2.24
2022-10-9 14:50,103.16,0.816,18.01,0.67,17,14,11,6,34.1,2.24
2022-10-9 15:05,102.75,0.816,18.08,0.67,16,14,10,6,34.16,2.24
2022-10-9 15:20,101.7,0.818,18.1,0.67,17,14,11,6,33.88,2.24
2022-10-9 15:35,101.26,0.819,18.18,0.67,16,14,11,6,33.88,2.24
2022-10-9 15:50,100.71,0.819,18.3,0.67,16,14,11,6,34.04,2.24
2022-10-9 16:05,100.47,0.818,18.31,0.67,16,14,10,6,33.94,2.24
2022-10-9 16:20,100.22,0.819,18.37,0.67,17,14,10,6,33.98,2.23
2022-10-9 16:35,99.76,0.82,18.41,0.67,17,14,10,6,33.87,2.24
2022-10-9 16:50,99.56,0.819,18.4,0.67,17,14,11,6,33.76,2.24
2022-10-9 17:05,99.23,0.82,18.44,0.67,16,14,11,6,33.74,2.23
2022-10-9 17:20,99.19,0.82,18.49,0.67,17,14,11,6,33.89,2.23
2022-10-9 17:35,98.58,0.821,18.5,0.67,16,14,11,6,33.71,2.23
2022-10-9 17:50,98.69,0.82,18.5,0.67,16,14,11,6,33.73,2.23
2022-10-9 18:05,98.89,0.82,18.52,0.67,16,14,10,6,33.68,2.23
2022-10-9 18:20,98.73,0.82,18.53,0.67,16,14,10,6,33.77,2.23
2022-10-9 18:35,98.6,0.82,18.53,0.67,17,14,10,6,33.81,2.23
2022-10-9 18:50,98.81,0.82,18.5,0.67,17,14,11,6,33.7,2.23
2022-10-9 19:05,99.55,0.819,18.53,0.67,17,14,11,6,33.95,2.23
2022-10-9 19:20,98.78,0.82,18.5,0.67,17,14,10,6,33.71,2.23
2022-10-9 19:35,98.78,0.82,18.5,0.67,17,14,11,6,33.71,2.23
2022-10-9 19:50,98.59,0.822,18.31,0.67,16,14,11,6,34.08,2.24
2022-10-9 20:05,99.73,0.819,18.39,0.67,17,14,10,6,33.79,2.23
2022-10-9 20:20,99.91,0.819,18.35,0.67,17,14,10,6,33.85,2.23
2022-10-9 20:35,100.22,0.819,18.31,0.67,16,14,10,6,33.82,2.23
2022-10-9 20:50,100.32,0.819,18.28,0.67,16,14,10,6,33.81,2.24
2022-10-9 21:05,101,0.819,18.21,0.67,17,14,10,6,33.87,2.24
2022-10-9 21:20,101.45,0.818,18.15,0.67,16,14,11,6,33.97,2.24
2022-10-9 21:35,101.73,0.818,18.18,0.67,17,14,10,6,34.01,2.24
2022-10-9 21:50,101.97,0.818,18.1,0.67,17,14,10,6,33.92,2.24
2022-10-9 22:05,102.3,0.817,18.12,0.67,16,14,10,6,34.03,2.24
2022-10-9 22:20,102.13,0.818,18.06,0.67,17,14,11,6,33.93,2.24
2022-10-9 22:35,102.47,0.818,18.06,0.67,16,14,10,6,34.02,2.24
2022-10-9 22:50,102.81,0.817,18,0.67,17,14,10,6,34.02,2.24
2022-10-9 23:05,102.87,0.817,17.93,0.67,16,14,11,6,34,2.24
2022-10-9 23:20,103.64,0.816,17.9,0.67,16,14,11,6,34.08,2.24
2022-10-9 23:35,104.27,0.816,17.86,0.67,17,14,10,6,34.18,2.24
2022-10-9 23:50,104.72,0.815,17.79,0.67,17,14,10,6,34.16,2.24
2022-10-10 0:05,105.26,0.815,17.65,0.67,17,14,11,6,34.12,2.24
2022-10-10 0:20,105.75,0.815,17.62,0.67,16,14,11,6,34.16,2.24
2022-10-10 0:35,106.57,0.814,17.56,0.67,17,14,10,6,34.27,2.24
2022-10-10 0:50,106.86,0.814,17.55,0.67,17,14,10,6,34.33,2.24
2022-10-10 1:05,108.01,0.812,17.45,0.67,17,14,11,6,34.47,2.24
2022-10-10 1:20,107.66,0.813,17.42,0.67,16,14,10,6,34.31,2.24
2022-10-10 1:35,108.51,0.813,17.35,0.67,17,14,10,6,34.37,2.24
2022-10-10 1:50,108.97,0.812,17.33,0.67,16,14,10,6,34.47,2.24
2022-10-10 2:05,108.97,0.812,17.33,0.67,16,14,10,6,34.47,2.24
2022-10-10 2:20,108.8,0.81,17.16,0.67,17,14,10,6,34.3,2.24
2022-10-10 2:35,108.9,0.812,17.24,0.67,17,14,11,6,34.39,2.24
2022-10-10 2:50,109.81,0.812,17.14,0.67,16,14,11,6,34.42,2.24
2022-10-10 3:05,110.02,0.812,17.16,0.67,16,14,10,6,34.5,2.24
2022-10-10 3:20,110.6,0.811,17.1,0.67,17,14,11,6,34.6,2.24
2022-10-10 3:35,110.94,0.811,17.07,0.67,17,14,11,6,34.56,2.24
2022-10-10 3:50,110.98,0.811,17.03,0.67,17,14,11,6,34.59,2.24
2022-10-10 4:05,111.47,0.81,17.02,0.67,17,14,11,6,34.64,2.24
2022-10-10 4:20,111.91,0.81,16.92,0.67,16,14,10,6,34.54,2.24
2022-10-10 4:35,112.36,0.81,16.87,0.67,16,14,10,6,34.6,2.24
2022-10-10 4:50,111.77,0.811,16.81,0.67,17,14,10,6,34.38,2.24
2022-10-10 5:05,113.32,0.809,16.82,0.67,17,14,10,6,34.77,2.24
2022-10-10 5:20,113.25,0.809,16.8,0.67,16,14,10,6,34.68,2.24
2022-10-10 5:35,113.29,0.809,16.78,0.67,17,14,11,6,34.63,2.24
2022-10-10 5:50,115.04,0.808,16.67,0.67,17,14,11,6,34.92,2.24
2022-10-10 6:05,115.04,0.808,16.67,0.67,17,14,10,6,34.92,2.24
2022-10-10 6:20,115.18,0.807,16.64,0.67,17,14,11,6,34.91,2.24
2022-10-10 6:35,115.83,0.807,16.54,0.67,17,14,11,6,34.83,2.24
2022-10-10 6:50,115.76,0.807,16.51,0.67,17,14,11,6,34.78,2.24
2022-10-10 7:05,117.17,0.805,16.5,0.67,17,14,11,6,35.14,2.24
2022-10-10 7:20,115.51,0.809,16.43,0.67,17,14,11,6,34.65,2.24
2022-10-10 7:35,115.51,0.809,16.43,0.67,17,14,11,6,34.65,2.24
2022-10-10 7:50,117.95,0.805,16.38,0.67,17,14,11,6,35.11,2.24
2022-10-10 8:05,117.86,0.804,16.41,0.67,17,14,11,6,35.09,2.24
2022-10-10 8:20,118.34,0.804,16.39,0.67,17,14,10,6,35.18,2.24
2022-10-10 8:35,117.21,0.806,16.38,0.67,17,14,10,6,34.91,2.24
2022-10-10 8:50,117.87,0.805,16.33,0.67,16,14,10,6,34.95,2.24
2022-10-10 9:05,117.39,0.806,16.35,0.67,16,14,10,6,34.91,2.24
2022-10-10 9:20,117.02,0.806,16.38,0.67,16,14,10,6,34.89,2.24
2022-10-10 9:35,117.19,0.806,16.37,0.67,17,14,11,6,34.88,2.24
2022-10-10 9:50,117.12,0.806,16.41,0.67,16,14,10,6,34.98,2.24
2022-10-10 10:05,116.88,0.805,16.41,0.67,17,14,11,6,34.93,2.24
2022-10-10 10:20,117.2,0.806,16.41,0.67,16,14,11,6,34.89,2.24
2022-10-10 10:35,117.1,0.805,16.47,0.67,16,14,10,6,35.01,2.24
2022-10-10 10:50,116.93,0.805,16.5,0.67,16,14,11,6,35.05,2.24
2022-10-10 11:05,115.64,0.807,16.59,0.67,16,14,11,6,34.89,2.24
2022-10-10 11:20,115.09,0.808,16.68,0.67,17,14,10,6,34.99,2.24
2022-10-10 11:35,113.2,0.81,16.8,0.67,17,14,11,6,34.68,2.24
2022-10-10 11:50,112.02,0.811,16.88,0.67,16,14,11,6,34.51,2.24
2022-10-10 12:05,112.02,0.811,16.88,0.67,17,14,10,6,34.51,2.24
2022-10-10 12:20,110.79,0.811,17.06,0.67,16,14,11,6,34.53,2.24
2022-10-10 12:35,110.17,0.811,17.13,0.67,16,14,11,6,34.49,2.24
2022-10-10 12:50,108.65,0.813,17.22,0.67,17,14,10,6,34.29,2.24
2022-10-10 13:05,108.36,0.813,17.33,0.67,16,14,10,6,34.37,2.24
2022-10-10 13:20,107.33,0.813,17.47,0.67,17,14,11,6,34.33,2.24
2022-10-10 13:35,106.1,0.815,17.6,0.67,16,14,11,6,34.2,2.24
2022-10-10 13:50,105.59,0.815,17.72,0.67,16,14,10,6,34.29,2.24
2022-10-10 14:05,104.9,0.815,17.86,0.67,16,14,10,6,34.31,2.24
2022-10-10 14:20,103.6,0.816,17.95,0.67,17,14,10,6,34.21,2.24
2022-10-10 14:35,103.6,0.816,17.95,0.67,16,14,10,6,34.21,2.24
2022-10-10 14:50,103.42,0.818,17.77,0.67,16,14,10,6,34.03,2.23
2022-10-10 15:05,101.26,0.818,18.28,0.67,16,14,10,6,34.08,2.24
2022-10-10 15:20,100.23,0.819,18.38,0.67,16,14,10,6,33.94,2.24
2022-10-10 15:35,99.41,0.819,18.45,0.67,17,14,11,6,33.85,2.23
