序号,时间,黏度,水活性,NAS等级
0,2023-3-22 14:34,45.75,0.353,6
1,2023-3-22 14:49,45.48,0.282,7
2,2023-3-22 15:04,45.83,0.387,6
3,2023-3-22 15:19,45.12,0.242,8
4,2023-3-22 15:34,45.8,0.28,6
5,2023-3-22 15:49,46.2,0.275,6
6,2023-3-22 16:04,45.17,0.32,7
7,2023-3-22 16:19,46.1,0.255,7
8,2023-3-22 16:34,45.99,0.25,8
9,2023-3-22 16:49,46.06,0.291,7
10,2023-3-22 17:04,45.76,0.354,8
11,2023-3-22 17:19,45.62,0.237,7
12,2023-3-22 17:34,46.1,0.267,8
13,2023-3-22 17:49,45.66,0.245,8
14,2023-3-22 18:04,45.32,0.353,6
15,2023-3-22 18:19,45.55,0.386,7
16,2023-3-22 18:34,45.53,0.25,7
17,2023-3-22 18:49,45.57,0.26,7
18,2023-3-22 19:04,45.78,0.265,7
19,2023-3-22 19:19,45.88,0.226,7
20,2023-3-22 19:34,46.08,0.311,8
21,2023-3-22 19:49,45.7,0.316,6
22,2023-3-22 20:04,45.32,0.231,6
23,2023-3-22 20:19,45.37,0.369,8
24,2023-3-22 20:34,45.44,0.35,6
25,2023-3-22 20:49,46.17,0.323,6
26,2023-3-22 21:04,45.87,0.237,7
27,2023-3-22 21:19,46.17,0.284,6
28,2023-3-22 21:34,45.71,0.222,7
29,2023-3-22 21:49,45.32,0.266,6
30,2023-3-22 22:04,45.91,0.302,8
31,2023-3-22 22:19,45.42,0.361,8
32,2023-3-22 22:34,45.68,0.333,7
33,2023-3-22 22:49,46.09,0.374,7
34,2023-3-22 23:04,45.39,0.372,7
35,2023-3-22 23:19,46.12,0.349,7
36,2023-3-22 23:34,45.36,0.372,7
37,2023-3-22 23:49,45.59,0.269,7
38,2023-3-23 0:04,46.12,0.299,6
39,2023-3-23 0:19,45.24,0.285,6
40,2023-3-23 0:34,45.63,0.233,7
41,2023-3-23 0:49,45.26,0.326,7
42,2023-3-23 1:04,46.13,0.379,8
43,2023-3-23 1:19,46.03,0.268,6
44,2023-3-23 1:34,45.63,0.213,7
45,2023-3-23 1:49,45.2,0.367,7
46,2023-3-23 2:04,45.73,0.294,8
47,2023-3-23 2:19,45.68,0.276,7
48,2023-3-23 2:34,45.77,0.261,7
49,2023-3-23 2:49,46.18,0.227,8
50,2023-3-23 3:04,45.44,0.221,6
51,2023-3-23 3:19,45.38,0.273,7
52,2023-3-23 3:34,45.35,0.371,6
53,2023-3-23 3:49,45.71,0.386,6
54,2023-3-23 4:04,45.13,0.352,8
55,2023-3-23 4:19,46.14,0.214,6
56,2023-3-23 4:34,45.94,0.4,7
57,2023-3-23 4:49,45.44,0.218,8
58,2023-3-23 5:04,45.91,0.248,6
59,2023-3-23 5:19,45.17,0.319,6
60,2023-3-23 5:34,45.81,0.229,7
61,2023-3-23 5:49,45.98,0.35,7
62,2023-3-23 6:04,45.49,0.4,8
63,2023-3-23 6:19,45.76,0.327,7
64,2023-3-23 6:34,45.7,0.344,7
65,2023-3-23 6:49,45.53,0.333,7
66,2023-3-23 7:04,45.38,0.272,7
67,2023-3-23 7:19,45.5,0.283,7
68,2023-3-23 7:34,45.45,0.374,7
69,2023-3-23 7:49,45.61,0.341,7
70,2023-3-23 8:04,45.46,0.326,8
71,2023-3-23 8:19,45.1,0.26,7
72,2023-3-23 8:34,45.47,0.356,6
73,2023-3-23 8:49,46.04,0.301,6
74,2023-3-23 9:04,46.15,0.34,7
75,2023-3-23 9:19,45.47,0.328,7
76,2023-3-23 9:34,45.29,0.224,7
77,2023-3-23 9:49,46.05,0.309,6
78,2023-3-23 10:04,45.47,0.295,6
79,2023-3-23 10:19,45.99,0.336,6
80,2023-3-23 10:34,45.59,0.366,6
81,2023-3-23 10:49,45.81,0.324,7
82,2023-3-23 11:04,45.18,0.218,7
83,2023-3-23 11:19,45.69,0.24,7
84,2023-3-23 11:34,45.63,0.344,7
85,2023-3-23 11:49,46.09,0.227,7
86,2023-3-23 12:04,45.91,0.352,6
87,2023-3-23 12:19,45.49,0.235,6
88,2023-3-23 12:34,45.84,0.22,8
89,2023-3-23 12:49,45.44,0.325,7
90,2023-3-23 13:04,45.89,0.276,6
91,2023-3-23 13:19,45.55,0.243,8
92,2023-3-23 13:34,45.62,0.315,7
93,2023-3-23 13:49,45.81,0.395,6
94,2023-3-23 14:04,45.34,0.246,7
95,2023-3-23 14:19,45.66,0.272,7
96,2023-3-23 14:34,45.45,0.281,7
97,2023-3-23 14:49,45.96,0.353,7
98,2023-3-23 15:04,45.13,0.223,8
99,2023-3-23 15:19,45.93,0.357,7
100,2023-3-23 15:34,45.61,0.357,8
101,2023-3-23 15:49,45.53,0.382,8
102,2023-3-23 16:04,45.89,0.333,7
103,2023-3-23 16:19,45.44,0.306,6
104,2023-3-23 16:34,45.26,0.36,7
105,2023-3-23 16:49,45.88,0.28,6
106,2023-3-23 17:04,45.13,0.316,6
107,2023-3-23 17:19,45.89,0.285,6
108,2023-3-23 17:34,46.08,0.271,7
109,2023-3-23 17:49,45.99,0.344,6
110,2023-3-23 18:04,45.62,0.318,8
111,2023-3-23 18:19,45.13,0.346,6
112,2023-3-23 18:34,45.81,0.326,8
113,2023-3-23 18:49,45.62,0.399,6
114,2023-3-23 19:04,45.49,0.349,7
115,2023-3-23 19:19,45.98,0.277,8
116,2023-3-23 19:34,45.27,0.35,7
117,2023-3-23 19:49,46.17,0.317,7
118,2023-3-23 20:04,46.04,0.334,6
119,2023-3-23 20:19,45.47,0.287,8
120,2023-3-23 20:34,46.12,0.241,7
121,2023-3-23 20:49,45.34,0.356,8
122,2023-3-23 21:04,45.26,0.388,8
123,2023-3-23 21:19,45.14,0.39,8
124,2023-3-23 21:34,45.79,0.318,8
125,2023-3-23 21:49,45.18,0.23,7
126,2023-3-23 22:04,45.8,0.372,7
127,2023-3-23 22:19,45.24,0.348,8
128,2023-3-23 22:34,45.19,0.336,7
129,2023-3-23 22:49,45.15,0.367,8
130,2023-3-23 23:04,45.21,0.394,7
131,2023-3-23 23:19,45.5,0.225,7
132,2023-3-23 23:34,45.98,0.242,7
133,2023-3-23 23:49,46.01,0.287,7
134,2023-3-24 0:04,45.1,0.231,7
135,2023-3-24 0:19,45.73,0.241,7
136,2023-3-24 0:34,46.18,0.393,6
137,2023-3-24 0:49,46.04,0.266,8
138,2023-3-24 1:04,45.66,0.33,8
139,2023-3-24 1:19,45.27,0.34,8
140,2023-3-24 1:34,46.2,0.22,8
141,2023-3-24 1:49,45.42,0.385,7
142,2023-3-24 2:04,45.14,0.319,8
143,2023-3-24 2:19,46,0.32,8
144,2023-3-24 2:34,45.17,0.356,7
145,2023-3-24 2:49,45.34,0.246,8
146,2023-3-24 3:04,45.55,0.372,7
147,2023-3-24 3:19,45.54,0.251,8
148,2023-3-24 3:34,45.47,0.276,7
149,2023-3-24 3:49,46,0.29,8
150,2023-3-24 4:04,46.13,0.336,7
151,2023-3-24 4:19,45.69,0.24,6
152,2023-3-24 4:34,45.53,0.299,8
153,2023-3-24 4:49,45.92,0.234,7
154,2023-3-24 5:04,46.14,0.329,7
155,2023-3-24 5:19,45.85,0.341,7
156,2023-3-24 5:34,45.38,0.365,6
157,2023-3-24 5:49,46.09,0.275,6
158,2023-3-24 6:04,46.13,0.299,7
159,2023-3-24 6:19,46.03,0.355,7
160,2023-3-24 6:34,45.89,0.38,7
161,2023-3-24 6:49,46.17,0.248,7
162,2023-3-24 7:04,46.16,0.369,6
163,2023-3-24 7:19,45.32,0.235,6
164,2023-3-24 7:34,45.35,0.263,8
165,2023-3-24 7:49,45.78,0.268,7
166,2023-3-24 8:04,45.9,0.331,7
167,2023-3-24 8:19,45.61,0.29,8
168,2023-3-24 8:34,45.99,0.273,6
169,2023-3-24 8:49,46.2,0.365,7
170,2023-3-24 9:04,45.92,0.272,8
171,2023-3-24 9:19,45.14,0.367,7
172,2023-3-24 9:34,45.65,0.285,7
173,2023-3-24 9:49,45.26,0.312,7
174,2023-3-24 10:04,45.69,0.216,6
175,2023-3-24 10:19,45.27,0.272,8
176,2023-3-24 10:34,45.73,0.36,7
177,2023-3-24 10:49,45.34,0.323,8
178,2023-3-24 11:04,45.64,0.302,8
179,2023-3-24 11:19,45.44,0.283,7
180,2023-3-24 11:34,45.7,0.343,7
181,2023-3-24 11:49,46.19,0.211,6
182,2023-3-24 12:04,45.91,0.271,8
183,2023-3-24 12:19,45.44,0.357,8
184,2023-3-24 12:34,45.23,0.393,6
185,2023-3-24 12:49,45.8,0.358,6
186,2023-3-24 13:04,45.58,0.242,6
187,2023-3-24 13:19,46.07,0.253,6
188,2023-3-24 13:34,45.83,0.312,6
189,2023-3-24 13:49,46.03,0.35,6
190,2023-3-24 14:04,45.9,0.232,7
191,2023-3-24 14:19,45.15,0.244,6
192,2023-3-24 14:34,45.48,0.322,7
193,2023-3-24 14:49,45.82,0.379,8
194,2023-3-24 15:04,45.65,0.219,6
195,2023-3-24 15:19,45.74,0.364,6
196,2023-3-24 15:34,45.18,0.284,7
197,2023-3-24 15:49,45.81,0.332,8
198,2023-3-24 16:04,45.28,0.338,7
199,2023-3-24 16:19,45.78,0.236,8
200,2023-3-24 16:34,45.47,0.298,7
201,2023-3-24 16:49,45.69,0.358,6
202,2023-3-24 17:04,45.64,0.306,8
203,2023-3-24 17:19,45.15,0.31,7
204,2023-3-24 17:34,45.52,0.291,7
205,2023-3-24 17:49,45.25,0.312,8
206,2023-3-24 18:04,45.3,0.348,7
207,2023-3-24 18:19,46,0.262,8
208,2023-3-24 18:34,45.85,0.348,7
209,2023-3-24 18:49,46.18,0.22,7
210,2023-3-24 19:04,45.8,0.276,6
211,2023-3-24 19:19,46.16,0.218,8
212,2023-3-24 19:34,46.09,0.393,8
213,2023-3-24 19:49,46.07,0.243,7
214,2023-3-24 20:04,45.44,0.249,8
215,2023-3-24 20:19,46.14,0.24,8
216,2023-3-24 20:34,45.33,0.266,8
217,2023-3-24 20:49,45.66,0.393,6
218,2023-3-24 21:04,45.27,0.324,7
219,2023-3-24 21:19,45.49,0.382,7
220,2023-3-24 21:34,46.04,0.328,8
221,2023-3-24 21:49,45.28,0.225,8
222,2023-3-24 22:04,45.65,0.223,8
223,2023-3-24 22:19,45.14,0.234,6
224,2023-3-24 22:34,45.4,0.325,7
225,2023-3-24 22:49,45.57,0.233,6
226,2023-3-24 23:04,45.98,0.349,8
227,2023-3-24 23:19,45.15,0.228,7
228,2023-3-24 23:34,45.96,0.266,7
229,2023-3-24 23:49,45.2,0.37,7
230,2023-3-25 0:04,45.31,0.279,8
231,2023-3-25 0:19,45.65,0.361,7
232,2023-3-25 0:34,45.61,0.235,7
233,2023-3-25 0:49,45.12,0.365,7
234,2023-3-25 1:04,45.33,0.307,7
235,2023-3-25 1:19,45.5,0.327,6
236,2023-3-25 1:34,45.39,0.266,8
237,2023-3-25 1:49,45.84,0.263,7
238,2023-3-25 2:04,45.82,0.246,7
239,2023-3-25 2:19,45.47,0.4,7
240,2023-3-25 2:34,46.09,0.319,7
241,2023-3-25 2:49,45.49,0.299,6
242,2023-3-25 3:04,45.33,0.382,7
243,2023-3-25 3:19,45.97,0.236,8
244,2023-3-25 3:34,46.05,0.295,6
245,2023-3-25 3:49,45.9,0.213,6
246,2023-3-25 4:04,46.06,0.356,8
247,2023-3-25 4:19,45.26,0.248,7
248,2023-3-25 4:34,46.21,0.315,6
249,2023-3-25 4:49,45.67,0.22,7
250,2023-3-25 5:04,45.52,0.368,8
251,2023-3-25 5:19,45.4,0.259,7
252,2023-3-25 5:34,45.71,0.383,7
253,2023-3-25 5:49,45.41,0.343,8
254,2023-3-25 6:04,45.53,0.233,7
255,2023-3-25 6:19,46.05,0.288,8
256,2023-3-25 6:34,46.08,0.388,7
257,2023-3-25 6:49,45.76,0.298,8
258,2023-3-25 7:04,45.42,0.333,7
259,2023-3-25 7:19,46.2,0.255,6
260,2023-3-25 7:34,45.26,0.381,7
261,2023-3-25 7:49,45.23,0.268,8
262,2023-3-25 8:04,45.36,0.293,6
263,2023-3-25 8:19,45.77,0.386,8
264,2023-3-25 8:34,45.4,0.291,7
265,2023-3-25 8:49,46.18,0.22,6
266,2023-3-25 9:04,46.19,0.388,6
267,2023-3-25 9:19,45.63,0.228,8
268,2023-3-25 9:34,45.69,0.367,7
269,2023-3-25 9:49,45.51,0.276,7
270,2023-3-25 10:04,45.47,0.236,7
271,2023-3-25 10:19,45.17,0.241,6
272,2023-3-25 10:34,45.84,0.218,8
273,2023-3-25 10:49,45.55,0.386,6
274,2023-3-25 11:04,46.16,0.357,6
275,2023-3-25 11:19,46.05,0.263,6
276,2023-3-25 11:34,45.21,0.321,6
277,2023-3-25 11:49,45.76,0.38,6
278,2023-3-25 12:04,45.77,0.367,7
279,2023-3-25 12:19,46.07,0.383,7
280,2023-3-25 12:34,45.79,0.216,8
281,2023-3-25 12:49,45.85,0.335,6
282,2023-3-25 13:04,46.16,0.308,8
283,2023-3-25 13:19,45.48,0.269,7
284,2023-3-25 13:34,46.16,0.36,7
285,2023-3-25 13:49,45.42,0.296,7
286,2023-3-25 14:04,45.72,0.335,8
287,2023-3-25 14:19,45.53,0.377,7
288,2023-3-25 14:34,45.84,0.308,7
289,2023-3-25 14:49,45.93,0.387,8
290,2023-3-25 15:04,45.29,0.263,7
291,2023-3-25 15:19,45.16,0.269,6
292,2023-3-25 15:34,45.51,0.391,6
293,2023-3-25 15:49,45.52,0.223,8
294,2023-3-25 16:04,45.68,0.23,7
295,2023-3-25 16:19,46.15,0.343,7
296,2023-3-25 16:34,46,0.236,7
297,2023-3-25 16:49,45.65,0.268,7
298,2023-3-25 17:04,45.76,0.315,8
299,2023-3-25 17:19,46.08,0.226,6
300,2023-3-25 17:34,45.54,0.345,7
301,2023-3-25 17:49,46.19,0.266,8
302,2023-3-25 18:04,45.7,0.245,8
303,2023-3-25 18:19,45.26,0.332,8
304,2023-3-25 18:34,45.36,0.29,7
305,2023-3-25 18:49,45.61,0.386,8
306,2023-3-25 19:04,46.1,0.384,7
307,2023-3-25 19:19,45.71,0.368,8
308,2023-3-25 19:34,46.05,0.282,7
309,2023-3-25 19:49,45.52,0.3,7
310,2023-3-25 20:04,45.45,0.249,7
311,2023-3-25 20:19,45.48,0.349,6
312,2023-3-25 20:34,45.67,0.3,8
313,2023-3-25 20:49,45.22,0.22,8
314,2023-3-25 21:04,46.12,0.328,7
315,2023-3-25 21:19,45.1,0.324,7
316,2023-3-25 21:34,45.95,0.27,7
317,2023-3-25 21:49,45.75,0.385,7
318,2023-3-25 22:04,45.82,0.384,7
319,2023-3-25 22:19,45.68,0.384,7
320,2023-3-25 22:34,45.51,0.389,7
321,2023-3-25 22:49,46.18,0.229,6
322,2023-3-25 23:04,45.65,0.247,6
323,2023-3-25 23:19,45.82,0.285,6
324,2023-3-25 23:34,45.81,0.24,8
325,2023-3-25 23:49,45.74,0.341,8
326,2023-3-26 0:04,46.06,0.249,7
327,2023-3-26 0:19,45.65,0.399,7
328,2023-3-26 0:34,46.18,0.281,7
329,2023-3-26 0:49,46.06,0.35,8
330,2023-3-26 1:04,45.84,0.286,6
331,2023-3-26 1:19,45.35,0.329,6
332,2023-3-26 1:34,45.88,0.399,6
333,2023-3-26 1:49,45.13,0.353,6
334,2023-3-26 2:04,45.56,0.306,7
335,2023-3-26 2:19,45.48,0.398,7
336,2023-3-26 2:34,45.59,0.301,7
337,2023-3-26 2:49,45.47,0.322,6
338,2023-3-26 3:04,45.6,0.266,7
339,2023-3-26 3:19,45.99,0.378,8
340,2023-3-26 3:34,46.08,0.323,6
341,2023-3-26 3:49,45.82,0.395,6
342,2023-3-26 4:04,45.97,0.314,8
343,2023-3-26 4:19,45.66,0.244,7
344,2023-3-26 4:34,45.8,0.342,7
345,2023-3-26 4:49,45.61,0.321,7
346,2023-3-26 5:04,45.2,0.263,6
347,2023-3-26 5:19,45.85,0.213,8
348,2023-3-26 5:34,45.16,0.397,7
349,2023-3-26 5:49,45.21,0.323,8
350,2023-3-26 6:04,45.36,0.38,6
351,2023-3-26 6:19,45.35,0.347,6
352,2023-3-26 6:34,46.02,0.308,7
353,2023-3-26 6:49,46.1,0.351,8
354,2023-3-26 7:04,45.5,0.256,7
355,2023-3-26 7:19,45.56,0.234,8
356,2023-3-26 7:34,46.03,0.291,6
357,2023-3-26 7:49,45.74,0.304,6
358,2023-3-26 8:04,46.06,0.215,8
359,2023-3-26 8:19,45.56,0.384,7
360,2023-3-26 8:34,46.07,0.357,7
361,2023-3-26 8:49,45.61,0.233,8
362,2023-3-26 9:04,45.37,0.284,7
363,2023-3-26 9:19,45.4,0.324,7
364,2023-3-26 9:34,45.93,0.296,6
365,2023-3-26 9:49,45.72,0.227,6
366,2023-3-26 10:04,45.47,0.259,7
367,2023-3-26 10:19,46.11,0.344,7
368,2023-3-26 10:34,45.98,0.26,6
369,2023-3-26 10:49,45.75,0.378,7
370,2023-3-26 11:04,46.18,0.298,7
371,2023-3-26 11:19,45.45,0.298,6
372,2023-3-26 11:34,45.79,0.309,8
373,2023-3-26 11:49,46.15,0.365,8
374,2023-3-26 12:04,46.02,0.25,8
375,2023-3-26 12:19,45.61,0.231,7
376,2023-3-26 12:34,45.82,0.348,7
377,2023-3-26 12:49,45.94,0.392,8
378,2023-3-26 13:04,45.43,0.271,7
379,2023-3-26 13:19,45.48,0.372,7
380,2023-3-26 13:34,45.21,0.272,7
381,2023-3-26 13:49,45.39,0.335,8
382,2023-3-26 14:04,46.05,0.325,7
383,2023-3-26 14:19,45.48,0.296,6
384,2023-3-26 14:34,45.18,0.295,7
385,2023-3-26 14:49,45.6,0.275,7
386,2023-3-26 15:04,45.3,0.352,7
387,2023-3-26 15:19,45.57,0.338,6
388,2023-3-26 15:34,45.45,0.33,6
389,2023-3-26 15:49,45.53,0.253,7
390,2023-3-26 16:04,45.21,0.268,7
391,2023-3-26 16:19,46.13,0.328,7
392,2023-3-26 16:34,45.49,0.259,7
393,2023-3-26 16:49,45.73,0.367,7
394,2023-3-26 17:04,46.2,0.224,6
395,2023-3-26 17:19,45.4,0.243,7
396,2023-3-26 17:34,45.73,0.362,8
397,2023-3-26 17:49,45.97,0.33,7
398,2023-3-26 18:04,45.45,0.283,7
399,2023-3-26 18:19,45.84,0.361,7
400,2023-3-26 18:34,45.44,0.23,7
401,2023-3-26 18:49,46.13,0.285,7
402,2023-3-26 19:04,45.62,0.351,7
403,2023-3-26 19:19,45.56,0.317,8
404,2023-3-26 19:34,45.87,0.277,6
405,2023-3-26 19:49,45.43,0.338,7
406,2023-3-26 20:04,46,0.395,7
407,2023-3-26 20:19,45.46,0.375,8
408,2023-3-26 20:34,46.03,0.284,8
409,2023-3-26 20:49,46.04,0.367,8
410,2023-3-26 21:04,45.59,0.233,7
411,2023-3-26 21:19,45.44,0.393,7
412,2023-3-26 21:34,45.33,0.334,7
413,2023-3-26 21:49,46,0.334,8
414,2023-3-26 22:04,45.61,0.376,8
415,2023-3-26 22:19,45.83,0.293,6
416,2023-3-26 22:34,45.41,0.246,6
417,2023-3-26 22:49,45.16,0.315,7
418,2023-3-26 23:04,46.16,0.375,8
419,2023-3-26 23:19,45.25,0.358,6
420,2023-3-26 23:34,46.17,0.371,7
421,2023-3-26 23:49,45.32,0.245,8
422,2023-3-27 0:04,46.15,0.385,6
423,2023-3-27 0:19,45.27,0.331,7
424,2023-3-27 0:34,45.96,0.352,8
425,2023-3-27 0:49,45.88,0.378,6
426,2023-3-27 1:04,45.52,0.32,6
427,2023-3-27 1:19,46.17,0.218,7
428,2023-3-27 1:34,45.6,0.216,6
429,2023-3-27 1:49,45.49,0.283,7
430,2023-3-27 2:04,46.01,0.306,7
431,2023-3-27 2:19,45.59,0.344,6
432,2023-3-27 2:34,45.54,0.352,8
433,2023-3-27 2:49,45.55,0.328,7
434,2023-3-27 3:04,45.12,0.342,7
435,2023-3-27 3:19,45.5,0.288,8
436,2023-3-27 3:34,45.21,0.373,7
437,2023-3-27 3:49,45.37,0.255,7
438,2023-3-27 4:04,45.26,0.232,7
439,2023-3-27 4:19,45.42,0.361,7
440,2023-3-27 4:34,45.54,0.221,7
441,2023-3-27 4:49,45.29,0.332,7
442,2023-3-27 5:04,45.54,0.256,7
443,2023-3-27 5:19,45.64,0.257,7
444,2023-3-27 5:34,45.54,0.385,7
445,2023-3-27 5:49,45.53,0.348,7
446,2023-3-27 6:04,45.52,0.267,8
447,2023-3-27 6:19,45.73,0.226,6
448,2023-3-27 6:34,45.35,0.338,8
449,2023-3-27 6:49,45.44,0.364,7
450,2023-3-27 7:04,45.99,0.24,8
451,2023-3-27 7:19,45.96,0.352,7
452,2023-3-27 7:34,45.51,0.292,6
453,2023-3-27 7:49,45.31,0.298,6
454,2023-3-27 8:04,45.62,0.275,7
455,2023-3-27 8:19,46.16,0.382,8
456,2023-3-27 8:34,45.2,0.329,7
457,2023-3-27 8:49,46.16,0.23,8
458,2023-3-27 9:04,45.48,0.302,6
459,2023-3-27 9:19,45.92,0.224,6
460,2023-3-27 9:34,46.13,0.319,7
461,2023-3-27 9:49,45.4,0.386,7
462,2023-3-27 10:04,45.3,0.266,7
463,2023-3-27 10:19,45.29,0.313,7
464,2023-3-27 10:34,45.72,0.235,8
465,2023-3-27 10:49,46.07,0.237,7
466,2023-3-27 11:04,45.39,0.283,7
467,2023-3-27 11:19,45.61,0.317,7
468,2023-3-27 11:34,45.84,0.258,6
469,2023-3-27 11:49,45.35,0.262,7
470,2023-3-27 12:04,45.6,0.293,8
471,2023-3-27 12:19,45.61,0.363,8
472,2023-3-27 12:34,45.61,0.311,7
473,2023-3-27 12:49,45.38,0.329,7
474,2023-3-27 13:04,45.64,0.237,7
475,2023-3-27 13:19,45.85,0.333,7
476,2023-3-27 13:34,45.78,0.269,7
477,2023-3-27 13:49,45.86,0.33,7
478,2023-3-27 14:04,45.95,0.24,8
479,2023-3-27 14:19,45.17,0.343,8
480,2023-3-27 14:34,45.82,0.27,7
481,2023-3-27 14:49,45.78,0.33,6
482,2023-3-27 15:04,45.96,0.225,7
483,2023-3-27 15:19,45.8,0.377,7
484,2023-3-27 15:34,45.45,0.214,6
485,2023-3-27 15:49,45.18,0.238,7
486,2023-3-27 16:04,45.4,0.286,8
487,2023-3-27 16:19,46.04,0.272,6
488,2023-3-27 16:34,45.86,0.35,7
489,2023-3-27 16:49,45.49,0.309,6
490,2023-3-27 17:04,45.88,0.278,8
491,2023-3-27 17:19,45.28,0.302,6
492,2023-3-27 17:34,46.08,0.235,8
493,2023-3-27 17:49,45.71,0.22,7
494,2023-3-27 18:04,45.85,0.249,7
495,2023-3-27 18:19,45.1,0.318,6
496,2023-3-27 18:34,45.55,0.317,8
497,2023-3-27 18:49,45.67,0.348,6
498,2023-3-27 19:04,45.6,0.324,7
499,2023-3-27 19:19,45.56,0.339,7
500,2023-3-27 19:34,45.46,0.374,6
501,2023-3-27 19:49,45.66,0.386,7
502,2023-3-27 20:04,45.16,0.367,7
503,2023-3-27 20:19,46,0.214,6
504,2023-3-27 20:34,46.09,0.395,7
505,2023-3-27 20:49,45.79,0.331,6
506,2023-3-27 21:04,45.84,0.34,7
507,2023-3-27 21:19,45.4,0.234,7
508,2023-3-27 21:34,45.59,0.359,6
509,2023-3-27 21:49,45.95,0.252,8
510,2023-3-27 22:04,45.71,0.385,7
511,2023-3-27 22:19,45.84,0.349,8
512,2023-3-27 22:34,45.47,0.312,8
513,2023-3-27 22:49,45.2,0.343,7
514,2023-3-27 23:04,45.75,0.262,6
515,2023-3-27 23:19,45.58,0.339,8
516,2023-3-27 23:34,45.96,0.211,6
517,2023-3-27 23:49,46.16,0.239,6
518,2023-3-28 0:04,45.27,0.289,7
519,2023-3-28 0:19,45.2,0.302,6
520,2023-3-28 0:34,45.31,0.241,7
521,2023-3-28 0:49,46.17,0.345,7
522,2023-3-28 1:04,45.92,0.39,6
523,2023-3-28 1:19,46.17,0.323,7
524,2023-3-28 1:34,45.23,0.291,7
525,2023-3-28 1:49,46.11,0.224,7
526,2023-3-28 2:04,46.07,0.326,6
527,2023-3-28 2:19,45.33,0.371,7
528,2023-3-28 2:34,46,0.372,8
529,2023-3-28 2:49,45.21,0.273,7
530,2023-3-28 3:04,46.16,0.249,6
531,2023-3-28 3:19,45.52,0.232,6
532,2023-3-28 3:34,45.92,0.348,7
533,2023-3-28 3:49,45.24,0.328,7
534,2023-3-28 4:04,45.12,0.344,7
535,2023-3-28 4:19,45.21,0.214,7
536,2023-3-28 4:34,45.95,0.288,7
537,2023-3-28 4:49,45.18,0.214,7
538,2023-3-28 5:04,45.49,0.341,7
539,2023-3-28 5:19,46.2,0.321,7
540,2023-3-28 5:34,45.39,0.285,7
541,2023-3-28 5:49,45.82,0.364,7
542,2023-3-28 6:04,45.97,0.254,7
543,2023-3-28 6:19,45.41,0.231,7
544,2023-3-28 6:34,46.15,0.222,7
545,2023-3-28 6:49,45.26,0.241,6
546,2023-3-28 7:04,45.41,0.32,7
547,2023-3-28 7:19,46.02,0.289,7
548,2023-3-28 7:34,46.16,0.267,7
549,2023-3-28 7:49,46.1,0.371,8
550,2023-3-28 8:04,45.69,0.362,7
551,2023-3-28 8:19,45.37,0.376,6
552,2023-3-28 8:34,45.56,0.353,8
553,2023-3-28 8:49,45.36,0.214,6
554,2023-3-28 9:04,45.97,0.275,8
555,2023-3-28 9:19,45.52,0.266,8
556,2023-3-28 9:34,45.87,0.313,6
557,2023-3-28 9:49,46.08,0.348,7
558,2023-3-28 10:04,45.16,0.371,6
559,2023-3-28 10:19,46.19,0.317,6
560,2023-3-28 10:34,45.7,0.351,6
561,2023-3-28 10:49,46.02,0.239,7
562,2023-3-28 11:04,45.49,0.3,7
563,2023-3-28 11:19,45.77,0.226,7
564,2023-3-28 11:34,45.55,0.393,8
565,2023-3-28 11:49,46.11,0.276,8
566,2023-3-28 12:04,45.24,0.247,8
567,2023-3-28 12:19,46.01,0.27,7
568,2023-3-28 12:34,45.27,0.318,8
569,2023-3-28 12:49,45.25,0.285,6
570,2023-3-28 13:04,45.53,0.265,7
571,2023-3-28 13:19,45.35,0.328,7
572,2023-3-28 13:34,45.59,0.223,6
573,2023-3-28 13:49,45.76,0.359,7
574,2023-3-28 14:04,45.47,0.292,7
575,2023-3-28 14:19,45.84,0.397,7
576,2023-3-28 14:34,46.11,0.278,8
577,2023-3-28 14:49,45.45,0.252,7
578,2023-3-28 15:04,45.89,0.224,6
579,2023-3-28 15:19,45.25,0.288,8
580,2023-3-28 15:34,46.05,0.332,7
581,2023-3-28 15:49,45.48,0.242,6
582,2023-3-28 16:04,45.78,0.365,7
583,2023-3-28 16:19,46.02,0.253,6
584,2023-3-28 16:34,45.22,0.357,6
585,2023-3-28 16:49,45.94,0.22,7
586,2023-3-28 17:04,45.89,0.27,6
587,2023-3-28 17:19,45.39,0.397,7
588,2023-3-28 17:34,45.81,0.215,7
589,2023-3-28 17:49,45.3,0.305,8
590,2023-3-28 18:04,45.81,0.234,8
591,2023-3-28 18:19,45.66,0.33,7
592,2023-3-28 18:34,45.52,0.236,8
593,2023-3-28 18:49,46.1,0.265,6
594,2023-3-28 19:04,45.3,0.374,8
595,2023-3-28 19:19,45.96,0.295,7
596,2023-3-28 19:34,45.84,0.257,8
597,2023-3-28 19:49,45.73,0.232,7
598,2023-3-28 20:04,45.47,0.334,8
599,2023-3-28 20:19,46.11,0.334,6
600,2023-3-28 20:34,45.22,0.297,6
601,2023-3-28 20:49,45.47,0.239,7
602,2023-3-28 21:04,45.44,0.387,8
603,2023-3-28 21:19,45.33,0.231,8
604,2023-3-28 21:34,45.72,0.318,7
605,2023-3-28 21:49,45.51,0.311,8
606,2023-3-28 22:04,45.35,0.233,7
607,2023-3-28 22:19,45.14,0.328,6
608,2023-3-28 22:34,45.43,0.272,8
609,2023-3-28 22:49,45.32,0.222,7
610,2023-3-28 23:04,45.59,0.219,7
611,2023-3-28 23:19,45.46,0.259,8
612,2023-3-28 23:34,46.07,0.28,8
613,2023-3-28 23:49,45.74,0.25,7
614,2023-3-29 0:04,45.14,0.308,7
615,2023-3-29 0:19,45.97,0.296,7
616,2023-3-29 0:34,45.42,0.308,6
617,2023-3-29 0:49,45.47,0.358,8
618,2023-3-29 1:04,45.46,0.224,7
619,2023-3-29 1:19,45.44,0.351,7
620,2023-3-29 1:34,45.69,0.273,8
621,2023-3-29 1:49,45.3,0.261,6
622,2023-3-29 2:04,46.03,0.216,7
623,2023-3-29 2:19,45.99,0.32,7
624,2023-3-29 2:34,45.53,0.293,8
625,2023-3-29 2:49,45.24,0.359,6
626,2023-3-29 3:04,46.05,0.25,8
627,2023-3-29 3:19,46.02,0.284,8
628,2023-3-29 3:34,45.68,0.388,8
629,2023-3-29 3:49,45.51,0.323,8
630,2023-3-29 4:04,45.42,0.376,7
631,2023-3-29 4:19,45.8,0.224,6
632,2023-3-29 4:34,46.1,0.344,8
633,2023-3-29 4:49,45.86,0.243,7
634,2023-3-29 5:04,45.79,0.309,7
635,2023-3-29 5:19,45.13,0.271,7
636,2023-3-29 5:34,46.1,0.299,8
637,2023-3-29 5:49,45.16,0.275,7
638,2023-3-29 6:04,45.91,0.303,7
639,2023-3-29 6:19,45.22,0.365,7
640,2023-3-29 6:34,45.72,0.322,7
641,2023-3-29 6:49,46.01,0.299,6
642,2023-3-29 7:04,46.13,0.295,6
643,2023-3-29 7:19,45.84,0.236,7
644,2023-3-29 7:34,45.51,0.259,6
645,2023-3-29 7:49,45.21,0.295,6
646,2023-3-29 8:04,46.06,0.296,8
647,2023-3-29 8:19,45.42,0.231,8
648,2023-3-29 8:34,45.14,0.393,8
649,2023-3-29 8:49,45.8,0.316,6
650,2023-3-29 9:04,45.71,0.32,6
651,2023-3-29 9:19,45.28,0.291,7
652,2023-3-29 9:34,45.33,0.245,8
653,2023-3-29 9:49,45.42,0.272,6
654,2023-3-29 10:04,45.62,0.275,8
655,2023-3-29 10:19,45.75,0.301,7
656,2023-3-29 10:34,45.15,0.386,7
657,2023-3-29 10:49,45.98,0.368,7
658,2023-3-29 11:04,45.49,0.259,6
659,2023-3-29 11:19,45.53,0.318,6
660,2023-3-29 11:34,45.68,0.365,6
661,2023-3-29 11:49,45.67,0.236,7
662,2023-3-29 12:04,45.57,0.282,8
663,2023-3-29 12:19,45.96,0.299,8
664,2023-3-29 12:34,45.68,0.369,8
665,2023-3-29 12:49,45.41,0.261,7
666,2023-3-29 13:04,46.14,0.244,6
667,2023-3-29 13:19,45.19,0.279,8
668,2023-3-29 13:34,46.01,0.239,7
669,2023-3-29 13:49,45.95,0.281,8
670,2023-3-29 14:04,45.22,0.241,8
671,2023-3-29 14:19,45.94,0.285,6
672,2023-3-29 14:34,46,0.272,7
673,2023-3-29 14:49,45.8,0.321,8
674,2023-3-29 15:04,46.19,0.372,7
675,2023-3-29 15:19,45.19,0.268,8
676,2023-3-29 15:34,46.02,0.355,7
677,2023-3-29 15:49,45.42,0.229,8
678,2023-3-29 16:04,45.97,0.271,7
679,2023-3-29 16:19,45.69,0.276,7
680,2023-3-29 16:34,46,0.347,7
681,2023-3-29 16:49,45.69,0.273,7
682,2023-3-29 17:04,45.66,0.367,7
683,2023-3-29 17:19,46.1,0.298,6
684,2023-3-29 17:34,45.25,0.279,7
685,2023-3-29 17:49,45.46,0.337,8
686,2023-3-29 18:04,45.15,0.272,7
687,2023-3-29 18:19,45.97,0.392,7
688,2023-3-29 18:34,45.42,0.385,6
689,2023-3-29 18:49,45.84,0.362,6
690,2023-3-29 19:04,46.01,0.22,7
691,2023-3-29 19:19,45.26,0.338,8
692,2023-3-29 19:34,45.38,0.32,7
693,2023-3-29 19:49,45.6,0.214,6
694,2023-3-29 20:04,46.12,0.279,7
695,2023-3-29 20:19,45.15,0.386,6
696,2023-3-29 20:34,45.25,0.228,8
697,2023-3-29 20:49,45.41,0.248,7
698,2023-3-29 21:04,45.87,0.375,8
699,2023-3-29 21:19,46.17,0.259,7
700,2023-3-29 21:34,45.14,0.232,7
701,2023-3-29 21:49,45.25,0.299,6
702,2023-3-29 22:04,45.85,0.257,7
703,2023-3-29 22:19,45.16,0.243,7
704,2023-3-29 22:34,45.3,0.296,7
705,2023-3-29 22:49,45.19,0.229,6
706,2023-3-29 23:04,45.5,0.214,6
707,2023-3-29 23:19,46.09,0.332,7
708,2023-3-29 23:34,45.44,0.305,7
709,2023-3-29 23:49,45.34,0.364,7
710,2023-3-30 0:04,45.18,0.236,6
711,2023-3-30 0:19,45.74,0.305,7
712,2023-3-30 0:34,45.23,0.305,8
713,2023-3-30 0:49,46.15,0.238,6
714,2023-3-30 1:04,45.4,0.307,7
715,2023-3-30 1:19,46.01,0.391,7
716,2023-3-30 1:34,45.59,0.212,6
717,2023-3-30 1:49,45.61,0.252,7
718,2023-3-30 2:04,45.99,0.394,7
719,2023-3-30 2:19,45.94,0.337,6
720,2023-3-30 2:34,45.93,0.22,7
721,2023-3-30 2:49,45.62,0.225,6
722,2023-3-30 3:04,46.1,0.257,7
723,2023-3-30 3:19,46.1,0.327,8
724,2023-3-30 3:34,46.17,0.274,8
725,2023-3-30 3:49,45.53,0.391,7
726,2023-3-30 4:04,45.95,0.217,6
727,2023-3-30 4:19,45.83,0.357,7
728,2023-3-30 4:34,45.23,0.307,7
729,2023-3-30 4:49,45.85,0.217,8
730,2023-3-30 5:04,45.87,0.347,8
731,2023-3-30 5:19,45.6,0.211,7
732,2023-3-30 5:34,45.72,0.343,6
733,2023-3-30 5:49,45.98,0.378,7
734,2023-3-30 6:04,45.38,0.278,7
735,2023-3-30 6:19,45.41,0.293,6
736,2023-3-30 6:34,45.59,0.329,8
737,2023-3-30 6:49,45.9,0.366,8
738,2023-3-30 7:04,45.33,0.314,8
739,2023-3-30 7:19,45.57,0.262,7
740,2023-3-30 7:34,45.58,0.394,7
741,2023-3-30 7:49,45.9,0.284,8
742,2023-3-30 8:04,46.06,0.385,7
743,2023-3-30 8:19,45.27,0.372,6
744,2023-3-30 8:34,46.11,0.383,6
745,2023-3-30 8:49,45.23,0.351,7
746,2023-3-30 9:04,45.83,0.225,7
747,2023-3-30 9:19,45.54,0.377,7
748,2023-3-30 9:34,45.18,0.346,8
749,2023-3-30 9:49,45.82,0.318,7
750,2023-3-30 10:04,45.87,0.249,6
751,2023-3-30 10:19,46.1,0.24,6
752,2023-3-30 10:34,45.8,0.301,8
753,2023-3-30 10:49,45.76,0.344,7
754,2023-3-30 11:04,45.12,0.226,6
755,2023-3-30 11:19,45.37,0.357,6
756,2023-3-30 11:34,45.12,0.377,7
757,2023-3-30 11:49,45.55,0.349,6
758,2023-3-30 12:04,45.29,0.315,7
759,2023-3-30 12:19,46.02,0.342,6
760,2023-3-30 12:34,45.45,0.327,7
761,2023-3-30 12:49,45.5,0.213,7
762,2023-3-30 13:04,45.57,0.323,8
763,2023-3-30 13:19,45.95,0.211,7
764,2023-3-30 13:34,45.31,0.277,6
765,2023-3-30 13:49,45.11,0.295,8
